PRAGMA foreign_keys=OFF;
BEGIN TRANSACTION;
CREATE TABLE "migrations" ("migration" varchar not null, "batch" integer not null);
INSERT INTO "migrations" VALUES('2014_06_27_163032_create_users_table',1);
INSERT INTO "migrations" VALUES('2014_06_27_163145_create_account_types_table',1);
INSERT INTO "migrations" VALUES('2014_06_27_163259_create_accounts_table',1);
INSERT INTO "migrations" VALUES('2014_06_27_163817_create_components_table',1);
INSERT INTO "migrations" VALUES('2014_06_27_163818_create_piggybanks_table',1);
INSERT INTO "migrations" VALUES('2014_06_27_164042_create_transaction_currencies_table',1);
INSERT INTO "migrations" VALUES('2014_06_27_164512_create_transaction_types_table',1);
INSERT INTO "migrations" VALUES('2014_06_27_164619_create_recurring_transactions_table',1);
INSERT INTO "migrations" VALUES('2014_06_27_164620_create_transaction_journals_table',1);
INSERT INTO "migrations" VALUES('2014_06_27_164836_create_transactions_table',1);
INSERT INTO "migrations" VALUES('2014_06_27_165344_create_component_transaction_table',1);
INSERT INTO "migrations" VALUES('2014_07_05_171326_create_component_transaction_journal_table',1);
INSERT INTO "migrations" VALUES('2014_07_06_123842_create_preferences_table',1);
INSERT INTO "migrations" VALUES('2014_07_09_204843_create_session_table',1);
INSERT INTO "migrations" VALUES('2014_07_17_183717_create_limits_table',1);
INSERT INTO "migrations" VALUES('2014_07_19_055011_create_limit_repeat_table',1);
INSERT INTO "migrations" VALUES('2014_08_06_044416_create_component_recurring_transaction_table',1);
INSERT INTO "migrations" VALUES('2014_08_12_173919_create_piggybank_repetitions_table',1);
INSERT INTO "migrations" VALUES('2014_08_18_100330_create_piggybank_events_table',1);
INSERT INTO "migrations" VALUES('2014_08_23_113221_create_reminders_table',1);
INSERT INTO "migrations" VALUES('2014_11_10_172053_create_account_meta_table',1);
INSERT INTO "migrations" VALUES('2014_11_29_135749_create_transaction_groups_table',1);
INSERT INTO "migrations" VALUES('2014_11_29_140217_create_transaction_group_transaction_journal_table',1);
INSERT INTO "migrations" VALUES('2014_12_13_190730_changes_for_v321',1);
CREATE TABLE "users" ("id" integer not null primary key autoincrement, "created_at" datetime not null, "updated_at" datetime not null, "email" varchar not null, "password" varchar not null, "reset" varchar null, "remember_token" varchar null);
INSERT INTO "users" VALUES(1,'2014-12-20 09:10:09','2014-12-20 09:10:09','thegrumpydictator@gmail.com','$2y$10$yK/FYZt0QiKNEvdr2itRjOASRRQcodPJ2cmaMEGXKAE7kIcPS4VGO',NULL,NULL);
INSERT INTO "users" VALUES(2,'2014-12-20 09:10:09','2014-12-20 09:10:09','acceptance@example.com','$2y$10$ycUFrKecCKA0l3hegJF4PuBWM/WbQmxfUCU08ElHxACCMh6KfX99a',NULL,NULL);
INSERT INTO "users" VALUES(3,'2014-12-20 09:10:09','2014-12-20 09:10:09','functional@example.com','$2y$10$bJnnvCB0jMBqv4NV.o8oI.Vv18gUsLqKJYiIBFJqLt3Y13r7fqDTK',NULL,NULL);
CREATE TABLE "account_types" ("id" integer not null primary key autoincrement, "created_at" datetime not null, "updated_at" datetime not null, "type" varchar not null, "editable" tinyint not null);
INSERT INTO "account_types" VALUES(1,'2014-12-20 09:10:09','2014-12-20 09:10:09','Default account',1);
INSERT INTO "account_types" VALUES(2,'2014-12-20 09:10:09','2014-12-20 09:10:09','Cash account',0);
INSERT INTO "account_types" VALUES(3,'2014-12-20 09:10:09','2014-12-20 09:10:09','Asset account',1);
INSERT INTO "account_types" VALUES(4,'2014-12-20 09:10:09','2014-12-20 09:10:09','Expense account',1);
INSERT INTO "account_types" VALUES(5,'2014-12-20 09:10:09','2014-12-20 09:10:09','Revenue account',1);
INSERT INTO "account_types" VALUES(6,'2014-12-20 09:10:09','2014-12-20 09:10:09','Initial balance account',0);
INSERT INTO "account_types" VALUES(7,'2014-12-20 09:10:09','2014-12-20 09:10:09','Beneficiary account',1);
INSERT INTO "account_types" VALUES(8,'2014-12-20 09:10:09','2014-12-20 09:10:09','Import account',0);
CREATE TABLE "accounts" ("id" integer not null primary key autoincrement, "created_at" datetime not null, "updated_at" datetime not null, "deleted_at" datetime null, "user_id" integer not null, "account_type_id" integer not null, "name" varchar not null, "active" tinyint not null, foreign key("user_id") references "users"("id") on delete cascade, foreign key("account_type_id") references "account_types"("id") on delete cascade);
INSERT INTO "accounts" VALUES(1,'2014-12-20 09:10:09','2014-12-20 09:10:09',NULL,1,3,'Checking account',1);
INSERT INTO "accounts" VALUES(2,'2014-12-20 09:10:09','2014-12-20 09:10:09',NULL,1,3,'Savings account',1);
INSERT INTO "accounts" VALUES(3,'2014-12-20 09:10:09','2014-12-20 09:10:09',NULL,1,3,'Delete me',1);
INSERT INTO "accounts" VALUES(4,'2014-12-20 09:10:09','2014-12-20 09:10:09',NULL,1,4,'Albert Heijn',1);
INSERT INTO "accounts" VALUES(5,'2014-12-20 09:10:09','2014-12-20 09:10:09',NULL,1,4,'PLUS',1);
INSERT INTO "accounts" VALUES(6,'2014-12-20 09:10:09','2014-12-20 09:10:09',NULL,1,4,'Vitens',1);
INSERT INTO "accounts" VALUES(7,'2014-12-20 09:10:09','2014-12-20 09:10:09',NULL,1,4,'Greenchoice',1);
INSERT INTO "accounts" VALUES(8,'2014-12-20 09:10:09','2014-12-20 09:10:09',NULL,1,4,'Portaal',1);
INSERT INTO "accounts" VALUES(9,'2014-12-20 09:10:09','2014-12-20 09:10:09',NULL,1,4,'Buy More',1);
INSERT INTO "accounts" VALUES(10,'2014-12-20 09:10:09','2014-12-20 09:10:09',NULL,1,5,'Employer',1);
INSERT INTO "accounts" VALUES(11,'2014-12-20 09:10:09','2014-12-20 09:10:09',NULL,1,5,'IRS',1);
INSERT INTO "accounts" VALUES(12,'2014-12-20 09:10:09','2014-12-20 09:10:09',NULL,1,5,'Job',1);
INSERT INTO "accounts" VALUES(13,'2014-12-20 09:10:09','2014-12-20 09:10:09',NULL,1,6,'Checking account initial balance',0);
INSERT INTO "accounts" VALUES(14,'2014-12-20 09:10:09','2014-12-20 09:10:09',NULL,1,6,'Savings account initial balance',0);
CREATE TABLE "components" ("id" integer not null primary key autoincrement, "created_at" datetime not null, "updated_at" datetime not null, "deleted_at" datetime null, "name" varchar not null, "user_id" integer not null, "class" varchar not null, foreign key("user_id") references "users"("id") on delete cascade);
INSERT INTO "components" VALUES(1,'2014-12-20 09:10:09','2014-12-20 09:10:09',NULL,'Some Component 1',1,'Budget');
INSERT INTO "components" VALUES(2,'2014-12-20 09:10:09','2014-12-20 09:10:09',NULL,'Some Component 2',1,'Budget');
INSERT INTO "components" VALUES(3,'2014-12-20 09:10:09','2014-12-20 09:10:09',NULL,'Some Component 3',1,'Budget');
INSERT INTO "components" VALUES(4,'2014-12-20 09:10:09','2014-12-20 09:10:09',NULL,'Some Component 4',1,'Category');
INSERT INTO "components" VALUES(5,'2014-12-20 09:10:09','2014-12-20 09:10:09',NULL,'Some Component 5',1,'Category');
INSERT INTO "components" VALUES(6,'2014-12-20 09:10:09','2014-12-20 09:10:09',NULL,'Some Component 6',1,'Category');
INSERT INTO "components" VALUES(7,'2014-12-20 09:10:09','2014-12-20 09:10:09',NULL,'Some Component 7',1,'Category');
CREATE TABLE "piggybanks" ("id" integer not null primary key autoincrement, "created_at" datetime not null, "updated_at" datetime not null, "account_id" integer not null, "name" varchar not null, "targetamount" float not null, "startdate" date null, "targetdate" date null, "repeats" tinyint not null, "rep_length" varchar null, "rep_every" integer not null, "rep_times" integer null, "reminder" varchar null, "reminder_skip" integer not null, "remind_me" tinyint not null, "order" integer not null, foreign key("account_id") references "accounts"("id") on delete cascade);
CREATE TABLE "transaction_currencies" ("id" integer not null primary key autoincrement, "created_at" datetime not null, "updated_at" datetime not null, "deleted_at" datetime null, "code" varchar not null);
INSERT INTO "transaction_currencies" VALUES(1,'2014-12-20 09:10:09','2014-12-20 09:10:09',NULL,'EUR');
CREATE TABLE "transaction_types" ("id" integer not null primary key autoincrement, "created_at" datetime not null, "updated_at" datetime not null, "deleted_at" datetime null, "type" varchar not null);
INSERT INTO "transaction_types" VALUES(1,'2014-12-20 09:10:09','2014-12-20 09:10:09',NULL,'Withdrawal');
INSERT INTO "transaction_types" VALUES(2,'2014-12-20 09:10:09','2014-12-20 09:10:09',NULL,'Deposit');
INSERT INTO "transaction_types" VALUES(3,'2014-12-20 09:10:09','2014-12-20 09:10:09',NULL,'Transfer');
INSERT INTO "transaction_types" VALUES(4,'2014-12-20 09:10:09','2014-12-20 09:10:09',NULL,'Opening balance');
CREATE TABLE "recurring_transactions" ("id" integer not null primary key autoincrement, "created_at" datetime not null, "updated_at" datetime not null, "user_id" integer not null, "name" varchar not null, "match" varchar not null, "amount_min" float not null, "amount_max" float not null, "date" date not null, "active" tinyint not null, "automatch" tinyint not null, "repeat_freq" varchar not null, "skip" integer not null, foreign key("user_id") references "users"("id") on delete cascade);
CREATE TABLE "transaction_journals" ("id" integer not null primary key autoincrement, "created_at" datetime not null, "updated_at" datetime not null, "deleted_at" datetime null, "user_id" integer not null, "transaction_type_id" integer not null, "recurring_transaction_id" integer null, "transaction_currency_id" integer not null, "description" varchar null, "completed" tinyint not null, "date" date not null, foreign key("user_id") references "users"("id") on delete cascade, foreign key("transaction_type_id") references "transaction_types"("id") on delete cascade, foreign key("recurring_transaction_id") references "recurring_transactions"("id") on delete set null, foreign key("transaction_currency_id") references "transaction_currencies"("id") on delete cascade);
INSERT INTO "transaction_journals" VALUES(1,'2014-12-20 09:10:09','2014-12-20 09:10:09',NULL,1,4,NULL,1,'Initial Balance for Checking account',1,'2014-01-01 00:00:00');
INSERT INTO "transaction_journals" VALUES(2,'2014-12-20 09:10:09','2014-12-20 09:10:09',NULL,1,4,NULL,1,'Initial Balance for Savings account',1,'2014-01-01 00:00:00');
INSERT INTO "transaction_journals" VALUES(3,'2014-12-20 09:10:09','2014-12-20 09:10:09',NULL,1,1,NULL,1,'Rent for January 2014',1,'2014-01-01 00:00:00');
INSERT INTO "transaction_journals" VALUES(4,'2014-12-20 09:10:10','2014-12-20 09:10:10',NULL,1,1,NULL,1,'Water for January 2014',1,'2014-01-02 00:00:00');
INSERT INTO "transaction_journals" VALUES(5,'2014-12-20 09:10:10','2014-12-20 09:10:10',NULL,1,1,NULL,1,'Power for January 2014',1,'2014-01-02 00:00:00');
INSERT INTO "transaction_journals" VALUES(6,'2014-12-20 09:10:10','2014-12-20 09:10:10',NULL,1,1,NULL,1,'Lunch',1,'2014-01-01 00:00:00');
INSERT INTO "transaction_journals" VALUES(7,'2014-12-20 09:10:10','2014-12-20 09:10:10',NULL,1,1,NULL,1,'Groceries',1,'2014-01-02 00:00:00');
INSERT INTO "transaction_journals" VALUES(8,'2014-12-20 09:10:10','2014-12-20 09:10:10',NULL,1,1,NULL,1,'Lunch',1,'2014-01-03 00:00:00');
INSERT INTO "transaction_journals" VALUES(9,'2014-12-20 09:10:10','2014-12-20 09:10:10',NULL,1,1,NULL,1,'Groceries',1,'2014-01-04 00:00:00');
INSERT INTO "transaction_journals" VALUES(10,'2014-12-20 09:10:10','2014-12-20 09:10:10',NULL,1,1,NULL,1,'Lunch',1,'2014-01-05 00:00:00');
INSERT INTO "transaction_journals" VALUES(11,'2014-12-20 09:10:10','2014-12-20 09:10:10',NULL,1,1,NULL,1,'Groceries',1,'2014-01-06 00:00:00');
INSERT INTO "transaction_journals" VALUES(12,'2014-12-20 09:10:10','2014-12-20 09:10:10',NULL,1,1,NULL,1,'Lunch',1,'2014-01-07 00:00:00');
INSERT INTO "transaction_journals" VALUES(13,'2014-12-20 09:10:10','2014-12-20 09:10:10',NULL,1,1,NULL,1,'Groceries',1,'2014-01-08 00:00:00');
INSERT INTO "transaction_journals" VALUES(14,'2014-12-20 09:10:10','2014-12-20 09:10:10',NULL,1,1,NULL,1,'Lunch',1,'2014-01-09 00:00:00');
INSERT INTO "transaction_journals" VALUES(15,'2014-12-20 09:10:10','2014-12-20 09:10:10',NULL,1,1,NULL,1,'Groceries',1,'2014-01-10 00:00:00');
INSERT INTO "transaction_journals" VALUES(16,'2014-12-20 09:10:10','2014-12-20 09:10:10',NULL,1,1,NULL,1,'Lunch',1,'2014-01-11 00:00:00');
INSERT INTO "transaction_journals" VALUES(17,'2014-12-20 09:10:10','2014-12-20 09:10:10',NULL,1,1,NULL,1,'Groceries',1,'2014-01-12 00:00:00');
INSERT INTO "transaction_journals" VALUES(18,'2014-12-20 09:10:10','2014-12-20 09:10:10',NULL,1,1,NULL,1,'Lunch',1,'2014-01-13 00:00:00');
INSERT INTO "transaction_journals" VALUES(19,'2014-12-20 09:10:10','2014-12-20 09:10:10',NULL,1,1,NULL,1,'Groceries',1,'2014-01-14 00:00:00');
INSERT INTO "transaction_journals" VALUES(20,'2014-12-20 09:10:10','2014-12-20 09:10:10',NULL,1,1,NULL,1,'Lunch',1,'2014-01-15 00:00:00');
INSERT INTO "transaction_journals" VALUES(21,'2014-12-20 09:10:10','2014-12-20 09:10:10',NULL,1,1,NULL,1,'Groceries',1,'2014-01-16 00:00:00');
INSERT INTO "transaction_journals" VALUES(22,'2014-12-20 09:10:10','2014-12-20 09:10:10',NULL,1,1,NULL,1,'Lunch',1,'2014-01-17 00:00:00');
INSERT INTO "transaction_journals" VALUES(23,'2014-12-20 09:10:10','2014-12-20 09:10:10',NULL,1,1,NULL,1,'Groceries',1,'2014-01-18 00:00:00');
INSERT INTO "transaction_journals" VALUES(24,'2014-12-20 09:10:10','2014-12-20 09:10:10',NULL,1,1,NULL,1,'Lunch',1,'2014-01-19 00:00:00');
INSERT INTO "transaction_journals" VALUES(25,'2014-12-20 09:10:10','2014-12-20 09:10:10',NULL,1,1,NULL,1,'Groceries',1,'2014-01-20 00:00:00');
INSERT INTO "transaction_journals" VALUES(26,'2014-12-20 09:10:10','2014-12-20 09:10:10',NULL,1,1,NULL,1,'Lunch',1,'2014-01-21 00:00:00');
INSERT INTO "transaction_journals" VALUES(27,'2014-12-20 09:10:10','2014-12-20 09:10:10',NULL,1,1,NULL,1,'Groceries',1,'2014-01-22 00:00:00');
INSERT INTO "transaction_journals" VALUES(28,'2014-12-20 09:10:10','2014-12-20 09:10:10',NULL,1,1,NULL,1,'Lunch',1,'2014-01-23 00:00:00');
INSERT INTO "transaction_journals" VALUES(29,'2014-12-20 09:10:10','2014-12-20 09:10:10',NULL,1,1,NULL,1,'Groceries',1,'2014-01-24 00:00:00');
INSERT INTO "transaction_journals" VALUES(30,'2014-12-20 09:10:10','2014-12-20 09:10:10',NULL,1,1,NULL,1,'Lunch',1,'2014-01-25 00:00:00');
INSERT INTO "transaction_journals" VALUES(31,'2014-12-20 09:10:10','2014-12-20 09:10:10',NULL,1,1,NULL,1,'Groceries',1,'2014-01-26 00:00:00');
INSERT INTO "transaction_journals" VALUES(32,'2014-12-20 09:10:10','2014-12-20 09:10:10',NULL,1,2,NULL,1,'Salary',1,'2014-01-23 00:00:00');
INSERT INTO "transaction_journals" VALUES(33,'2014-12-20 09:10:10','2014-12-20 09:10:10',NULL,1,1,NULL,1,'Taxes in January 2014',1,'2014-01-27 00:00:00');
INSERT INTO "transaction_journals" VALUES(34,'2014-12-20 09:10:10','2014-12-20 09:10:10',NULL,1,1,NULL,1,'Rent for February 2014',1,'2014-02-01 00:00:00');
INSERT INTO "transaction_journals" VALUES(35,'2014-12-20 09:10:10','2014-12-20 09:10:10',NULL,1,1,NULL,1,'Water for February 2014',1,'2014-02-02 00:00:00');
INSERT INTO "transaction_journals" VALUES(36,'2014-12-20 09:10:10','2014-12-20 09:10:10',NULL,1,1,NULL,1,'Power for February 2014',1,'2014-02-02 00:00:00');
INSERT INTO "transaction_journals" VALUES(37,'2014-12-20 09:10:10','2014-12-20 09:10:10',NULL,1,1,NULL,1,'Lunch',1,'2014-02-01 00:00:00');
INSERT INTO "transaction_journals" VALUES(38,'2014-12-20 09:10:10','2014-12-20 09:10:10',NULL,1,1,NULL,1,'Groceries',1,'2014-02-02 00:00:00');
INSERT INTO "transaction_journals" VALUES(39,'2014-12-20 09:10:10','2014-12-20 09:10:10',NULL,1,1,NULL,1,'Lunch',1,'2014-02-03 00:00:00');
INSERT INTO "transaction_journals" VALUES(40,'2014-12-20 09:10:11','2014-12-20 09:10:11',NULL,1,1,NULL,1,'Groceries',1,'2014-02-04 00:00:00');
INSERT INTO "transaction_journals" VALUES(41,'2014-12-20 09:10:11','2014-12-20 09:10:11',NULL,1,1,NULL,1,'Lunch',1,'2014-02-05 00:00:00');
INSERT INTO "transaction_journals" VALUES(42,'2014-12-20 09:10:11','2014-12-20 09:10:11',NULL,1,1,NULL,1,'Groceries',1,'2014-02-06 00:00:00');
INSERT INTO "transaction_journals" VALUES(43,'2014-12-20 09:10:11','2014-12-20 09:10:11',NULL,1,1,NULL,1,'Lunch',1,'2014-02-07 00:00:00');
INSERT INTO "transaction_journals" VALUES(44,'2014-12-20 09:10:11','2014-12-20 09:10:11',NULL,1,1,NULL,1,'Groceries',1,'2014-02-08 00:00:00');
INSERT INTO "transaction_journals" VALUES(45,'2014-12-20 09:10:11','2014-12-20 09:10:11',NULL,1,1,NULL,1,'Lunch',1,'2014-02-09 00:00:00');
INSERT INTO "transaction_journals" VALUES(46,'2014-12-20 09:10:11','2014-12-20 09:10:11',NULL,1,1,NULL,1,'Groceries',1,'2014-02-10 00:00:00');
INSERT INTO "transaction_journals" VALUES(47,'2014-12-20 09:10:11','2014-12-20 09:10:11',NULL,1,1,NULL,1,'Lunch',1,'2014-02-11 00:00:00');
INSERT INTO "transaction_journals" VALUES(48,'2014-12-20 09:10:11','2014-12-20 09:10:11',NULL,1,1,NULL,1,'Groceries',1,'2014-02-12 00:00:00');
INSERT INTO "transaction_journals" VALUES(49,'2014-12-20 09:10:11','2014-12-20 09:10:11',NULL,1,1,NULL,1,'Lunch',1,'2014-02-13 00:00:00');
INSERT INTO "transaction_journals" VALUES(50,'2014-12-20 09:10:11','2014-12-20 09:10:11',NULL,1,1,NULL,1,'Groceries',1,'2014-02-14 00:00:00');
INSERT INTO "transaction_journals" VALUES(51,'2014-12-20 09:10:11','2014-12-20 09:10:11',NULL,1,1,NULL,1,'Lunch',1,'2014-02-15 00:00:00');
INSERT INTO "transaction_journals" VALUES(52,'2014-12-20 09:10:11','2014-12-20 09:10:11',NULL,1,1,NULL,1,'Groceries',1,'2014-02-16 00:00:00');
INSERT INTO "transaction_journals" VALUES(53,'2014-12-20 09:10:11','2014-12-20 09:10:11',NULL,1,1,NULL,1,'Lunch',1,'2014-02-17 00:00:00');
INSERT INTO "transaction_journals" VALUES(54,'2014-12-20 09:10:11','2014-12-20 09:10:11',NULL,1,1,NULL,1,'Groceries',1,'2014-02-18 00:00:00');
INSERT INTO "transaction_journals" VALUES(55,'2014-12-20 09:10:11','2014-12-20 09:10:11',NULL,1,1,NULL,1,'Lunch',1,'2014-02-19 00:00:00');
INSERT INTO "transaction_journals" VALUES(56,'2014-12-20 09:10:11','2014-12-20 09:10:11',NULL,1,1,NULL,1,'Groceries',1,'2014-02-20 00:00:00');
INSERT INTO "transaction_journals" VALUES(57,'2014-12-20 09:10:11','2014-12-20 09:10:11',NULL,1,1,NULL,1,'Lunch',1,'2014-02-21 00:00:00');
INSERT INTO "transaction_journals" VALUES(58,'2014-12-20 09:10:11','2014-12-20 09:10:11',NULL,1,1,NULL,1,'Groceries',1,'2014-02-22 00:00:00');
INSERT INTO "transaction_journals" VALUES(59,'2014-12-20 09:10:11','2014-12-20 09:10:11',NULL,1,1,NULL,1,'Lunch',1,'2014-02-23 00:00:00');
INSERT INTO "transaction_journals" VALUES(60,'2014-12-20 09:10:11','2014-12-20 09:10:11',NULL,1,1,NULL,1,'Groceries',1,'2014-02-24 00:00:00');
INSERT INTO "transaction_journals" VALUES(61,'2014-12-20 09:10:11','2014-12-20 09:10:11',NULL,1,1,NULL,1,'Lunch',1,'2014-02-25 00:00:00');
INSERT INTO "transaction_journals" VALUES(62,'2014-12-20 09:10:11','2014-12-20 09:10:11',NULL,1,1,NULL,1,'Groceries',1,'2014-02-26 00:00:00');
INSERT INTO "transaction_journals" VALUES(63,'2014-12-20 09:10:11','2014-12-20 09:10:11',NULL,1,2,NULL,1,'Salary',1,'2014-02-23 00:00:00');
INSERT INTO "transaction_journals" VALUES(64,'2014-12-20 09:10:11','2014-12-20 09:10:11',NULL,1,1,NULL,1,'Taxes in February 2014',1,'2014-02-27 00:00:00');
INSERT INTO "transaction_journals" VALUES(65,'2014-12-20 09:10:11','2014-12-20 09:10:11',NULL,1,1,NULL,1,'Rent for March 2014',1,'2014-03-01 00:00:00');
INSERT INTO "transaction_journals" VALUES(66,'2014-12-20 09:10:11','2014-12-20 09:10:11',NULL,1,1,NULL,1,'Water for March 2014',1,'2014-03-02 00:00:00');
INSERT INTO "transaction_journals" VALUES(67,'2014-12-20 09:10:11','2014-12-20 09:10:11',NULL,1,1,NULL,1,'Power for March 2014',1,'2014-03-02 00:00:00');
INSERT INTO "transaction_journals" VALUES(68,'2014-12-20 09:10:11','2014-12-20 09:10:11',NULL,1,1,NULL,1,'Lunch',1,'2014-03-01 00:00:00');
INSERT INTO "transaction_journals" VALUES(69,'2014-12-20 09:10:11','2014-12-20 09:10:11',NULL,1,1,NULL,1,'Groceries',1,'2014-03-02 00:00:00');
INSERT INTO "transaction_journals" VALUES(70,'2014-12-20 09:10:11','2014-12-20 09:10:11',NULL,1,1,NULL,1,'Lunch',1,'2014-03-03 00:00:00');
INSERT INTO "transaction_journals" VALUES(71,'2014-12-20 09:10:11','2014-12-20 09:10:11',NULL,1,1,NULL,1,'Groceries',1,'2014-03-04 00:00:00');
INSERT INTO "transaction_journals" VALUES(72,'2014-12-20 09:10:11','2014-12-20 09:10:11',NULL,1,1,NULL,1,'Lunch',1,'2014-03-05 00:00:00');
INSERT INTO "transaction_journals" VALUES(73,'2014-12-20 09:10:11','2014-12-20 09:10:11',NULL,1,1,NULL,1,'Groceries',1,'2014-03-06 00:00:00');
INSERT INTO "transaction_journals" VALUES(74,'2014-12-20 09:10:11','2014-12-20 09:10:11',NULL,1,1,NULL,1,'Lunch',1,'2014-03-07 00:00:00');
INSERT INTO "transaction_journals" VALUES(75,'2014-12-20 09:10:11','2014-12-20 09:10:11',NULL,1,1,NULL,1,'Groceries',1,'2014-03-08 00:00:00');
INSERT INTO "transaction_journals" VALUES(76,'2014-12-20 09:10:11','2014-12-20 09:10:11',NULL,1,1,NULL,1,'Lunch',1,'2014-03-09 00:00:00');
INSERT INTO "transaction_journals" VALUES(77,'2014-12-20 09:10:11','2014-12-20 09:10:11',NULL,1,1,NULL,1,'Groceries',1,'2014-03-10 00:00:00');
INSERT INTO "transaction_journals" VALUES(78,'2014-12-20 09:10:12','2014-12-20 09:10:12',NULL,1,1,NULL,1,'Lunch',1,'2014-03-11 00:00:00');
INSERT INTO "transaction_journals" VALUES(79,'2014-12-20 09:10:12','2014-12-20 09:10:12',NULL,1,1,NULL,1,'Groceries',1,'2014-03-12 00:00:00');
INSERT INTO "transaction_journals" VALUES(80,'2014-12-20 09:10:12','2014-12-20 09:10:12',NULL,1,1,NULL,1,'Lunch',1,'2014-03-13 00:00:00');
INSERT INTO "transaction_journals" VALUES(81,'2014-12-20 09:10:12','2014-12-20 09:10:12',NULL,1,1,NULL,1,'Groceries',1,'2014-03-14 00:00:00');
INSERT INTO "transaction_journals" VALUES(82,'2014-12-20 09:10:12','2014-12-20 09:10:12',NULL,1,1,NULL,1,'Lunch',1,'2014-03-15 00:00:00');
INSERT INTO "transaction_journals" VALUES(83,'2014-12-20 09:10:12','2014-12-20 09:10:12',NULL,1,1,NULL,1,'Groceries',1,'2014-03-16 00:00:00');
INSERT INTO "transaction_journals" VALUES(84,'2014-12-20 09:10:12','2014-12-20 09:10:12',NULL,1,1,NULL,1,'Lunch',1,'2014-03-17 00:00:00');
INSERT INTO "transaction_journals" VALUES(85,'2014-12-20 09:10:12','2014-12-20 09:10:12',NULL,1,1,NULL,1,'Groceries',1,'2014-03-18 00:00:00');
INSERT INTO "transaction_journals" VALUES(86,'2014-12-20 09:10:12','2014-12-20 09:10:12',NULL,1,1,NULL,1,'Lunch',1,'2014-03-19 00:00:00');
INSERT INTO "transaction_journals" VALUES(87,'2014-12-20 09:10:12','2014-12-20 09:10:12',NULL,1,1,NULL,1,'Groceries',1,'2014-03-20 00:00:00');
INSERT INTO "transaction_journals" VALUES(88,'2014-12-20 09:10:12','2014-12-20 09:10:12',NULL,1,1,NULL,1,'Lunch',1,'2014-03-21 00:00:00');
INSERT INTO "transaction_journals" VALUES(89,'2014-12-20 09:10:12','2014-12-20 09:10:12',NULL,1,1,NULL,1,'Groceries',1,'2014-03-22 00:00:00');
INSERT INTO "transaction_journals" VALUES(90,'2014-12-20 09:10:12','2014-12-20 09:10:12',NULL,1,1,NULL,1,'Lunch',1,'2014-03-23 00:00:00');
INSERT INTO "transaction_journals" VALUES(91,'2014-12-20 09:10:12','2014-12-20 09:10:12',NULL,1,1,NULL,1,'Groceries',1,'2014-03-24 00:00:00');
INSERT INTO "transaction_journals" VALUES(92,'2014-12-20 09:10:12','2014-12-20 09:10:12',NULL,1,1,NULL,1,'Lunch',1,'2014-03-25 00:00:00');
INSERT INTO "transaction_journals" VALUES(93,'2014-12-20 09:10:12','2014-12-20 09:10:12',NULL,1,1,NULL,1,'Groceries',1,'2014-03-26 00:00:00');
INSERT INTO "transaction_journals" VALUES(94,'2014-12-20 09:10:12','2014-12-20 09:10:12',NULL,1,2,NULL,1,'Salary',1,'2014-03-23 00:00:00');
INSERT INTO "transaction_journals" VALUES(95,'2014-12-20 09:10:12','2014-12-20 09:10:12',NULL,1,1,NULL,1,'Taxes in March 2014',1,'2014-03-27 00:00:00');
INSERT INTO "transaction_journals" VALUES(96,'2014-12-20 09:10:12','2014-12-20 09:10:12',NULL,1,1,NULL,1,'Rent for April 2014',1,'2014-04-01 00:00:00');
INSERT INTO "transaction_journals" VALUES(97,'2014-12-20 09:10:12','2014-12-20 09:10:12',NULL,1,1,NULL,1,'Water for April 2014',1,'2014-04-02 00:00:00');
INSERT INTO "transaction_journals" VALUES(98,'2014-12-20 09:10:12','2014-12-20 09:10:12',NULL,1,1,NULL,1,'Power for April 2014',1,'2014-04-02 00:00:00');
INSERT INTO "transaction_journals" VALUES(99,'2014-12-20 09:10:12','2014-12-20 09:10:12',NULL,1,1,NULL,1,'Lunch',1,'2014-04-01 00:00:00');
INSERT INTO "transaction_journals" VALUES(100,'2014-12-20 09:10:12','2014-12-20 09:10:12',NULL,1,1,NULL,1,'Groceries',1,'2014-04-02 00:00:00');
INSERT INTO "transaction_journals" VALUES(101,'2014-12-20 09:10:12','2014-12-20 09:10:12',NULL,1,1,NULL,1,'Lunch',1,'2014-04-03 00:00:00');
INSERT INTO "transaction_journals" VALUES(102,'2014-12-20 09:10:12','2014-12-20 09:10:12',NULL,1,1,NULL,1,'Groceries',1,'2014-04-04 00:00:00');
INSERT INTO "transaction_journals" VALUES(103,'2014-12-20 09:10:12','2014-12-20 09:10:12',NULL,1,1,NULL,1,'Lunch',1,'2014-04-05 00:00:00');
INSERT INTO "transaction_journals" VALUES(104,'2014-12-20 09:10:12','2014-12-20 09:10:12',NULL,1,1,NULL,1,'Groceries',1,'2014-04-06 00:00:00');
INSERT INTO "transaction_journals" VALUES(105,'2014-12-20 09:10:12','2014-12-20 09:10:12',NULL,1,1,NULL,1,'Lunch',1,'2014-04-07 00:00:00');
INSERT INTO "transaction_journals" VALUES(106,'2014-12-20 09:10:12','2014-12-20 09:10:12',NULL,1,1,NULL,1,'Groceries',1,'2014-04-08 00:00:00');
INSERT INTO "transaction_journals" VALUES(107,'2014-12-20 09:10:12','2014-12-20 09:10:12',NULL,1,1,NULL,1,'Lunch',1,'2014-04-09 00:00:00');
INSERT INTO "transaction_journals" VALUES(108,'2014-12-20 09:10:12','2014-12-20 09:10:12',NULL,1,1,NULL,1,'Groceries',1,'2014-04-10 00:00:00');
INSERT INTO "transaction_journals" VALUES(109,'2014-12-20 09:10:12','2014-12-20 09:10:12',NULL,1,1,NULL,1,'Lunch',1,'2014-04-11 00:00:00');
INSERT INTO "transaction_journals" VALUES(110,'2014-12-20 09:10:12','2014-12-20 09:10:12',NULL,1,1,NULL,1,'Groceries',1,'2014-04-12 00:00:00');
INSERT INTO "transaction_journals" VALUES(111,'2014-12-20 09:10:12','2014-12-20 09:10:12',NULL,1,1,NULL,1,'Lunch',1,'2014-04-13 00:00:00');
INSERT INTO "transaction_journals" VALUES(112,'2014-12-20 09:10:12','2014-12-20 09:10:12',NULL,1,1,NULL,1,'Groceries',1,'2014-04-14 00:00:00');
INSERT INTO "transaction_journals" VALUES(113,'2014-12-20 09:10:12','2014-12-20 09:10:12',NULL,1,1,NULL,1,'Lunch',1,'2014-04-15 00:00:00');
INSERT INTO "transaction_journals" VALUES(114,'2014-12-20 09:10:12','2014-12-20 09:10:12',NULL,1,1,NULL,1,'Groceries',1,'2014-04-16 00:00:00');
INSERT INTO "transaction_journals" VALUES(115,'2014-12-20 09:10:13','2014-12-20 09:10:13',NULL,1,1,NULL,1,'Lunch',1,'2014-04-17 00:00:00');
INSERT INTO "transaction_journals" VALUES(116,'2014-12-20 09:10:13','2014-12-20 09:10:13',NULL,1,1,NULL,1,'Groceries',1,'2014-04-18 00:00:00');
INSERT INTO "transaction_journals" VALUES(117,'2014-12-20 09:10:13','2014-12-20 09:10:13',NULL,1,1,NULL,1,'Lunch',1,'2014-04-19 00:00:00');
INSERT INTO "transaction_journals" VALUES(118,'2014-12-20 09:10:13','2014-12-20 09:10:13',NULL,1,1,NULL,1,'Groceries',1,'2014-04-20 00:00:00');
INSERT INTO "transaction_journals" VALUES(119,'2014-12-20 09:10:13','2014-12-20 09:10:13',NULL,1,1,NULL,1,'Lunch',1,'2014-04-21 00:00:00');
INSERT INTO "transaction_journals" VALUES(120,'2014-12-20 09:10:13','2014-12-20 09:10:13',NULL,1,1,NULL,1,'Groceries',1,'2014-04-22 00:00:00');
INSERT INTO "transaction_journals" VALUES(121,'2014-12-20 09:10:13','2014-12-20 09:10:13',NULL,1,1,NULL,1,'Lunch',1,'2014-04-23 00:00:00');
INSERT INTO "transaction_journals" VALUES(122,'2014-12-20 09:10:13','2014-12-20 09:10:13',NULL,1,1,NULL,1,'Groceries',1,'2014-04-24 00:00:00');
INSERT INTO "transaction_journals" VALUES(123,'2014-12-20 09:10:13','2014-12-20 09:10:13',NULL,1,1,NULL,1,'Lunch',1,'2014-04-25 00:00:00');
INSERT INTO "transaction_journals" VALUES(124,'2014-12-20 09:10:13','2014-12-20 09:10:13',NULL,1,1,NULL,1,'Groceries',1,'2014-04-26 00:00:00');
INSERT INTO "transaction_journals" VALUES(125,'2014-12-20 09:10:13','2014-12-20 09:10:13',NULL,1,2,NULL,1,'Salary',1,'2014-04-23 00:00:00');
INSERT INTO "transaction_journals" VALUES(126,'2014-12-20 09:10:13','2014-12-20 09:10:13',NULL,1,1,NULL,1,'Taxes in April 2014',1,'2014-04-27 00:00:00');
INSERT INTO "transaction_journals" VALUES(127,'2014-12-20 09:10:13','2014-12-20 09:10:13',NULL,1,1,NULL,1,'Rent for May 2014',1,'2014-05-01 00:00:00');
INSERT INTO "transaction_journals" VALUES(128,'2014-12-20 09:10:13','2014-12-20 09:10:13',NULL,1,1,NULL,1,'Water for May 2014',1,'2014-05-02 00:00:00');
INSERT INTO "transaction_journals" VALUES(129,'2014-12-20 09:10:13','2014-12-20 09:10:13',NULL,1,1,NULL,1,'Power for May 2014',1,'2014-05-02 00:00:00');
INSERT INTO "transaction_journals" VALUES(130,'2014-12-20 09:10:13','2014-12-20 09:10:13',NULL,1,1,NULL,1,'Lunch',1,'2014-05-01 00:00:00');
INSERT INTO "transaction_journals" VALUES(131,'2014-12-20 09:10:13','2014-12-20 09:10:13',NULL,1,1,NULL,1,'Groceries',1,'2014-05-02 00:00:00');
INSERT INTO "transaction_journals" VALUES(132,'2014-12-20 09:10:13','2014-12-20 09:10:13',NULL,1,1,NULL,1,'Lunch',1,'2014-05-03 00:00:00');
INSERT INTO "transaction_journals" VALUES(133,'2014-12-20 09:10:13','2014-12-20 09:10:13',NULL,1,1,NULL,1,'Groceries',1,'2014-05-04 00:00:00');
INSERT INTO "transaction_journals" VALUES(134,'2014-12-20 09:10:13','2014-12-20 09:10:13',NULL,1,1,NULL,1,'Lunch',1,'2014-05-05 00:00:00');
INSERT INTO "transaction_journals" VALUES(135,'2014-12-20 09:10:13','2014-12-20 09:10:13',NULL,1,1,NULL,1,'Groceries',1,'2014-05-06 00:00:00');
INSERT INTO "transaction_journals" VALUES(136,'2014-12-20 09:10:13','2014-12-20 09:10:13',NULL,1,1,NULL,1,'Lunch',1,'2014-05-07 00:00:00');
INSERT INTO "transaction_journals" VALUES(137,'2014-12-20 09:10:13','2014-12-20 09:10:13',NULL,1,1,NULL,1,'Groceries',1,'2014-05-08 00:00:00');
INSERT INTO "transaction_journals" VALUES(138,'2014-12-20 09:10:13','2014-12-20 09:10:13',NULL,1,1,NULL,1,'Lunch',1,'2014-05-09 00:00:00');
INSERT INTO "transaction_journals" VALUES(139,'2014-12-20 09:10:13','2014-12-20 09:10:13',NULL,1,1,NULL,1,'Groceries',1,'2014-05-10 00:00:00');
INSERT INTO "transaction_journals" VALUES(140,'2014-12-20 09:10:13','2014-12-20 09:10:13',NULL,1,1,NULL,1,'Lunch',1,'2014-05-11 00:00:00');
INSERT INTO "transaction_journals" VALUES(141,'2014-12-20 09:10:13','2014-12-20 09:10:13',NULL,1,1,NULL,1,'Groceries',1,'2014-05-12 00:00:00');
INSERT INTO "transaction_journals" VALUES(142,'2014-12-20 09:10:13','2014-12-20 09:10:13',NULL,1,1,NULL,1,'Lunch',1,'2014-05-13 00:00:00');
INSERT INTO "transaction_journals" VALUES(143,'2014-12-20 09:10:13','2014-12-20 09:10:13',NULL,1,1,NULL,1,'Groceries',1,'2014-05-14 00:00:00');
INSERT INTO "transaction_journals" VALUES(144,'2014-12-20 09:10:13','2014-12-20 09:10:13',NULL,1,1,NULL,1,'Lunch',1,'2014-05-15 00:00:00');
INSERT INTO "transaction_journals" VALUES(145,'2014-12-20 09:10:13','2014-12-20 09:10:13',NULL,1,1,NULL,1,'Groceries',1,'2014-05-16 00:00:00');
INSERT INTO "transaction_journals" VALUES(146,'2014-12-20 09:10:13','2014-12-20 09:10:13',NULL,1,1,NULL,1,'Lunch',1,'2014-05-17 00:00:00');
INSERT INTO "transaction_journals" VALUES(147,'2014-12-20 09:10:13','2014-12-20 09:10:13',NULL,1,1,NULL,1,'Groceries',1,'2014-05-18 00:00:00');
INSERT INTO "transaction_journals" VALUES(148,'2014-12-20 09:10:13','2014-12-20 09:10:13',NULL,1,1,NULL,1,'Lunch',1,'2014-05-19 00:00:00');
INSERT INTO "transaction_journals" VALUES(149,'2014-12-20 09:10:13','2014-12-20 09:10:13',NULL,1,1,NULL,1,'Groceries',1,'2014-05-20 00:00:00');
INSERT INTO "transaction_journals" VALUES(150,'2014-12-20 09:10:13','2014-12-20 09:10:13',NULL,1,1,NULL,1,'Lunch',1,'2014-05-21 00:00:00');
INSERT INTO "transaction_journals" VALUES(151,'2014-12-20 09:10:13','2014-12-20 09:10:13',NULL,1,1,NULL,1,'Groceries',1,'2014-05-22 00:00:00');
INSERT INTO "transaction_journals" VALUES(152,'2014-12-20 09:10:13','2014-12-20 09:10:13',NULL,1,1,NULL,1,'Lunch',1,'2014-05-23 00:00:00');
INSERT INTO "transaction_journals" VALUES(153,'2014-12-20 09:10:14','2014-12-20 09:10:14',NULL,1,1,NULL,1,'Groceries',1,'2014-05-24 00:00:00');
INSERT INTO "transaction_journals" VALUES(154,'2014-12-20 09:10:14','2014-12-20 09:10:14',NULL,1,1,NULL,1,'Lunch',1,'2014-05-25 00:00:00');
INSERT INTO "transaction_journals" VALUES(155,'2014-12-20 09:10:14','2014-12-20 09:10:14',NULL,1,1,NULL,1,'Groceries',1,'2014-05-26 00:00:00');
INSERT INTO "transaction_journals" VALUES(156,'2014-12-20 09:10:14','2014-12-20 09:10:14',NULL,1,2,NULL,1,'Salary',1,'2014-05-23 00:00:00');
INSERT INTO "transaction_journals" VALUES(157,'2014-12-20 09:10:14','2014-12-20 09:10:14',NULL,1,1,NULL,1,'Taxes in May 2014',1,'2014-05-27 00:00:00');
INSERT INTO "transaction_journals" VALUES(158,'2014-12-20 09:10:14','2014-12-20 09:10:14',NULL,1,1,NULL,1,'Rent for June 2014',1,'2014-06-01 00:00:00');
INSERT INTO "transaction_journals" VALUES(159,'2014-12-20 09:10:14','2014-12-20 09:10:14',NULL,1,1,NULL,1,'Water for June 2014',1,'2014-06-02 00:00:00');
INSERT INTO "transaction_journals" VALUES(160,'2014-12-20 09:10:14','2014-12-20 09:10:14',NULL,1,1,NULL,1,'Power for June 2014',1,'2014-06-02 00:00:00');
INSERT INTO "transaction_journals" VALUES(161,'2014-12-20 09:10:14','2014-12-20 09:10:14',NULL,1,1,NULL,1,'Lunch',1,'2014-06-01 00:00:00');
INSERT INTO "transaction_journals" VALUES(162,'2014-12-20 09:10:14','2014-12-20 09:10:14',NULL,1,1,NULL,1,'Groceries',1,'2014-06-02 00:00:00');
INSERT INTO "transaction_journals" VALUES(163,'2014-12-20 09:10:14','2014-12-20 09:10:14',NULL,1,1,NULL,1,'Lunch',1,'2014-06-03 00:00:00');
INSERT INTO "transaction_journals" VALUES(164,'2014-12-20 09:10:14','2014-12-20 09:10:14',NULL,1,1,NULL,1,'Groceries',1,'2014-06-04 00:00:00');
INSERT INTO "transaction_journals" VALUES(165,'2014-12-20 09:10:14','2014-12-20 09:10:14',NULL,1,1,NULL,1,'Lunch',1,'2014-06-05 00:00:00');
INSERT INTO "transaction_journals" VALUES(166,'2014-12-20 09:10:14','2014-12-20 09:10:14',NULL,1,1,NULL,1,'Groceries',1,'2014-06-06 00:00:00');
INSERT INTO "transaction_journals" VALUES(167,'2014-12-20 09:10:14','2014-12-20 09:10:14',NULL,1,1,NULL,1,'Lunch',1,'2014-06-07 00:00:00');
INSERT INTO "transaction_journals" VALUES(168,'2014-12-20 09:10:14','2014-12-20 09:10:14',NULL,1,1,NULL,1,'Groceries',1,'2014-06-08 00:00:00');
INSERT INTO "transaction_journals" VALUES(169,'2014-12-20 09:10:14','2014-12-20 09:10:14',NULL,1,1,NULL,1,'Lunch',1,'2014-06-09 00:00:00');
INSERT INTO "transaction_journals" VALUES(170,'2014-12-20 09:10:14','2014-12-20 09:10:14',NULL,1,1,NULL,1,'Groceries',1,'2014-06-10 00:00:00');
INSERT INTO "transaction_journals" VALUES(171,'2014-12-20 09:10:14','2014-12-20 09:10:14',NULL,1,1,NULL,1,'Lunch',1,'2014-06-11 00:00:00');
INSERT INTO "transaction_journals" VALUES(172,'2014-12-20 09:10:14','2014-12-20 09:10:14',NULL,1,1,NULL,1,'Groceries',1,'2014-06-12 00:00:00');
INSERT INTO "transaction_journals" VALUES(173,'2014-12-20 09:10:14','2014-12-20 09:10:14',NULL,1,1,NULL,1,'Lunch',1,'2014-06-13 00:00:00');
INSERT INTO "transaction_journals" VALUES(174,'2014-12-20 09:10:14','2014-12-20 09:10:14',NULL,1,1,NULL,1,'Groceries',1,'2014-06-14 00:00:00');
INSERT INTO "transaction_journals" VALUES(175,'2014-12-20 09:10:14','2014-12-20 09:10:14',NULL,1,1,NULL,1,'Lunch',1,'2014-06-15 00:00:00');
INSERT INTO "transaction_journals" VALUES(176,'2014-12-20 09:10:14','2014-12-20 09:10:14',NULL,1,1,NULL,1,'Groceries',1,'2014-06-16 00:00:00');
INSERT INTO "transaction_journals" VALUES(177,'2014-12-20 09:10:14','2014-12-20 09:10:14',NULL,1,1,NULL,1,'Lunch',1,'2014-06-17 00:00:00');
INSERT INTO "transaction_journals" VALUES(178,'2014-12-20 09:10:14','2014-12-20 09:10:14',NULL,1,1,NULL,1,'Groceries',1,'2014-06-18 00:00:00');
INSERT INTO "transaction_journals" VALUES(179,'2014-12-20 09:10:14','2014-12-20 09:10:14',NULL,1,1,NULL,1,'Lunch',1,'2014-06-19 00:00:00');
INSERT INTO "transaction_journals" VALUES(180,'2014-12-20 09:10:14','2014-12-20 09:10:14',NULL,1,1,NULL,1,'Groceries',1,'2014-06-20 00:00:00');
INSERT INTO "transaction_journals" VALUES(181,'2014-12-20 09:10:14','2014-12-20 09:10:14',NULL,1,1,NULL,1,'Lunch',1,'2014-06-21 00:00:00');
INSERT INTO "transaction_journals" VALUES(182,'2014-12-20 09:10:14','2014-12-20 09:10:14',NULL,1,1,NULL,1,'Groceries',1,'2014-06-22 00:00:00');
INSERT INTO "transaction_journals" VALUES(183,'2014-12-20 09:10:14','2014-12-20 09:10:14',NULL,1,1,NULL,1,'Lunch',1,'2014-06-23 00:00:00');
INSERT INTO "transaction_journals" VALUES(184,'2014-12-20 09:10:14','2014-12-20 09:10:14',NULL,1,1,NULL,1,'Groceries',1,'2014-06-24 00:00:00');
INSERT INTO "transaction_journals" VALUES(185,'2014-12-20 09:10:14','2014-12-20 09:10:14',NULL,1,1,NULL,1,'Lunch',1,'2014-06-25 00:00:00');
INSERT INTO "transaction_journals" VALUES(186,'2014-12-20 09:10:14','2014-12-20 09:10:14',NULL,1,1,NULL,1,'Groceries',1,'2014-06-26 00:00:00');
INSERT INTO "transaction_journals" VALUES(187,'2014-12-20 09:10:14','2014-12-20 09:10:14',NULL,1,2,NULL,1,'Salary',1,'2014-06-23 00:00:00');
INSERT INTO "transaction_journals" VALUES(188,'2014-12-20 09:10:14','2014-12-20 09:10:14',NULL,1,1,NULL,1,'Taxes in June 2014',1,'2014-06-27 00:00:00');
INSERT INTO "transaction_journals" VALUES(189,'2014-12-20 09:10:15','2014-12-20 09:10:15',NULL,1,1,NULL,1,'Rent for July 2014',1,'2014-07-01 00:00:00');
INSERT INTO "transaction_journals" VALUES(190,'2014-12-20 09:10:15','2014-12-20 09:10:15',NULL,1,1,NULL,1,'Water for July 2014',1,'2014-07-02 00:00:00');
INSERT INTO "transaction_journals" VALUES(191,'2014-12-20 09:10:15','2014-12-20 09:10:15',NULL,1,1,NULL,1,'Power for July 2014',1,'2014-07-02 00:00:00');
INSERT INTO "transaction_journals" VALUES(192,'2014-12-20 09:10:15','2014-12-20 09:10:15',NULL,1,1,NULL,1,'Lunch',1,'2014-07-01 00:00:00');
INSERT INTO "transaction_journals" VALUES(193,'2014-12-20 09:10:15','2014-12-20 09:10:15',NULL,1,1,NULL,1,'Groceries',1,'2014-07-02 00:00:00');
INSERT INTO "transaction_journals" VALUES(194,'2014-12-20 09:10:15','2014-12-20 09:10:15',NULL,1,1,NULL,1,'Lunch',1,'2014-07-03 00:00:00');
INSERT INTO "transaction_journals" VALUES(195,'2014-12-20 09:10:15','2014-12-20 09:10:15',NULL,1,1,NULL,1,'Groceries',1,'2014-07-04 00:00:00');
INSERT INTO "transaction_journals" VALUES(196,'2014-12-20 09:10:15','2014-12-20 09:10:15',NULL,1,1,NULL,1,'Lunch',1,'2014-07-05 00:00:00');
INSERT INTO "transaction_journals" VALUES(197,'2014-12-20 09:10:15','2014-12-20 09:10:15',NULL,1,1,NULL,1,'Groceries',1,'2014-07-06 00:00:00');
INSERT INTO "transaction_journals" VALUES(198,'2014-12-20 09:10:15','2014-12-20 09:10:15',NULL,1,1,NULL,1,'Lunch',1,'2014-07-07 00:00:00');
INSERT INTO "transaction_journals" VALUES(199,'2014-12-20 09:10:15','2014-12-20 09:10:15',NULL,1,1,NULL,1,'Groceries',1,'2014-07-08 00:00:00');
INSERT INTO "transaction_journals" VALUES(200,'2014-12-20 09:10:15','2014-12-20 09:10:15',NULL,1,1,NULL,1,'Lunch',1,'2014-07-09 00:00:00');
INSERT INTO "transaction_journals" VALUES(201,'2014-12-20 09:10:15','2014-12-20 09:10:15',NULL,1,1,NULL,1,'Groceries',1,'2014-07-10 00:00:00');
INSERT INTO "transaction_journals" VALUES(202,'2014-12-20 09:10:15','2014-12-20 09:10:15',NULL,1,1,NULL,1,'Lunch',1,'2014-07-11 00:00:00');
INSERT INTO "transaction_journals" VALUES(203,'2014-12-20 09:10:15','2014-12-20 09:10:15',NULL,1,1,NULL,1,'Groceries',1,'2014-07-12 00:00:00');
INSERT INTO "transaction_journals" VALUES(204,'2014-12-20 09:10:15','2014-12-20 09:10:15',NULL,1,1,NULL,1,'Lunch',1,'2014-07-13 00:00:00');
INSERT INTO "transaction_journals" VALUES(205,'2014-12-20 09:10:15','2014-12-20 09:10:15',NULL,1,1,NULL,1,'Groceries',1,'2014-07-14 00:00:00');
INSERT INTO "transaction_journals" VALUES(206,'2014-12-20 09:10:15','2014-12-20 09:10:15',NULL,1,1,NULL,1,'Lunch',1,'2014-07-15 00:00:00');
INSERT INTO "transaction_journals" VALUES(207,'2014-12-20 09:10:15','2014-12-20 09:10:15',NULL,1,1,NULL,1,'Groceries',1,'2014-07-16 00:00:00');
INSERT INTO "transaction_journals" VALUES(208,'2014-12-20 09:10:15','2014-12-20 09:10:15',NULL,1,1,NULL,1,'Lunch',1,'2014-07-17 00:00:00');
INSERT INTO "transaction_journals" VALUES(209,'2014-12-20 09:10:15','2014-12-20 09:10:15',NULL,1,1,NULL,1,'Groceries',1,'2014-07-18 00:00:00');
INSERT INTO "transaction_journals" VALUES(210,'2014-12-20 09:10:15','2014-12-20 09:10:15',NULL,1,1,NULL,1,'Lunch',1,'2014-07-19 00:00:00');
INSERT INTO "transaction_journals" VALUES(211,'2014-12-20 09:10:15','2014-12-20 09:10:15',NULL,1,1,NULL,1,'Groceries',1,'2014-07-20 00:00:00');
INSERT INTO "transaction_journals" VALUES(212,'2014-12-20 09:10:15','2014-12-20 09:10:15',NULL,1,1,NULL,1,'Lunch',1,'2014-07-21 00:00:00');
INSERT INTO "transaction_journals" VALUES(213,'2014-12-20 09:10:15','2014-12-20 09:10:15',NULL,1,1,NULL,1,'Groceries',1,'2014-07-22 00:00:00');
INSERT INTO "transaction_journals" VALUES(214,'2014-12-20 09:10:15','2014-12-20 09:10:15',NULL,1,1,NULL,1,'Lunch',1,'2014-07-23 00:00:00');
INSERT INTO "transaction_journals" VALUES(215,'2014-12-20 09:10:15','2014-12-20 09:10:15',NULL,1,1,NULL,1,'Groceries',1,'2014-07-24 00:00:00');
INSERT INTO "transaction_journals" VALUES(216,'2014-12-20 09:10:15','2014-12-20 09:10:15',NULL,1,1,NULL,1,'Lunch',1,'2014-07-25 00:00:00');
INSERT INTO "transaction_journals" VALUES(217,'2014-12-20 09:10:15','2014-12-20 09:10:15',NULL,1,1,NULL,1,'Groceries',1,'2014-07-26 00:00:00');
INSERT INTO "transaction_journals" VALUES(218,'2014-12-20 09:10:15','2014-12-20 09:10:15',NULL,1,2,NULL,1,'Salary',1,'2014-07-23 00:00:00');
INSERT INTO "transaction_journals" VALUES(219,'2014-12-20 09:10:15','2014-12-20 09:10:15',NULL,1,1,NULL,1,'Taxes in July 2014',1,'2014-07-27 00:00:00');
INSERT INTO "transaction_journals" VALUES(220,'2014-12-20 09:10:15','2014-12-20 09:10:15',NULL,1,1,NULL,1,'Rent for August 2014',1,'2014-08-01 00:00:00');
INSERT INTO "transaction_journals" VALUES(221,'2014-12-20 09:10:15','2014-12-20 09:10:15',NULL,1,1,NULL,1,'Water for August 2014',1,'2014-08-02 00:00:00');
INSERT INTO "transaction_journals" VALUES(222,'2014-12-20 09:10:15','2014-12-20 09:10:15',NULL,1,1,NULL,1,'Power for August 2014',1,'2014-08-02 00:00:00');
INSERT INTO "transaction_journals" VALUES(223,'2014-12-20 09:10:15','2014-12-20 09:10:15',NULL,1,1,NULL,1,'Lunch',1,'2014-08-01 00:00:00');
INSERT INTO "transaction_journals" VALUES(224,'2014-12-20 09:10:15','2014-12-20 09:10:15',NULL,1,1,NULL,1,'Groceries',1,'2014-08-02 00:00:00');
INSERT INTO "transaction_journals" VALUES(225,'2014-12-20 09:10:15','2014-12-20 09:10:15',NULL,1,1,NULL,1,'Lunch',1,'2014-08-03 00:00:00');
INSERT INTO "transaction_journals" VALUES(226,'2014-12-20 09:10:16','2014-12-20 09:10:16',NULL,1,1,NULL,1,'Groceries',1,'2014-08-04 00:00:00');
INSERT INTO "transaction_journals" VALUES(227,'2014-12-20 09:10:16','2014-12-20 09:10:16',NULL,1,1,NULL,1,'Lunch',1,'2014-08-05 00:00:00');
INSERT INTO "transaction_journals" VALUES(228,'2014-12-20 09:10:16','2014-12-20 09:10:16',NULL,1,1,NULL,1,'Groceries',1,'2014-08-06 00:00:00');
INSERT INTO "transaction_journals" VALUES(229,'2014-12-20 09:10:16','2014-12-20 09:10:16',NULL,1,1,NULL,1,'Lunch',1,'2014-08-07 00:00:00');
INSERT INTO "transaction_journals" VALUES(230,'2014-12-20 09:10:16','2014-12-20 09:10:16',NULL,1,1,NULL,1,'Groceries',1,'2014-08-08 00:00:00');
INSERT INTO "transaction_journals" VALUES(231,'2014-12-20 09:10:16','2014-12-20 09:10:16',NULL,1,1,NULL,1,'Lunch',1,'2014-08-09 00:00:00');
INSERT INTO "transaction_journals" VALUES(232,'2014-12-20 09:10:16','2014-12-20 09:10:16',NULL,1,1,NULL,1,'Groceries',1,'2014-08-10 00:00:00');
INSERT INTO "transaction_journals" VALUES(233,'2014-12-20 09:10:16','2014-12-20 09:10:16',NULL,1,1,NULL,1,'Lunch',1,'2014-08-11 00:00:00');
INSERT INTO "transaction_journals" VALUES(234,'2014-12-20 09:10:16','2014-12-20 09:10:16',NULL,1,1,NULL,1,'Groceries',1,'2014-08-12 00:00:00');
INSERT INTO "transaction_journals" VALUES(235,'2014-12-20 09:10:16','2014-12-20 09:10:16',NULL,1,1,NULL,1,'Lunch',1,'2014-08-13 00:00:00');
INSERT INTO "transaction_journals" VALUES(236,'2014-12-20 09:10:16','2014-12-20 09:10:16',NULL,1,1,NULL,1,'Groceries',1,'2014-08-14 00:00:00');
INSERT INTO "transaction_journals" VALUES(237,'2014-12-20 09:10:16','2014-12-20 09:10:16',NULL,1,1,NULL,1,'Lunch',1,'2014-08-15 00:00:00');
INSERT INTO "transaction_journals" VALUES(238,'2014-12-20 09:10:16','2014-12-20 09:10:16',NULL,1,1,NULL,1,'Groceries',1,'2014-08-16 00:00:00');
INSERT INTO "transaction_journals" VALUES(239,'2014-12-20 09:10:16','2014-12-20 09:10:16',NULL,1,1,NULL,1,'Lunch',1,'2014-08-17 00:00:00');
INSERT INTO "transaction_journals" VALUES(240,'2014-12-20 09:10:16','2014-12-20 09:10:16',NULL,1,1,NULL,1,'Groceries',1,'2014-08-18 00:00:00');
INSERT INTO "transaction_journals" VALUES(241,'2014-12-20 09:10:16','2014-12-20 09:10:16',NULL,1,1,NULL,1,'Lunch',1,'2014-08-19 00:00:00');
INSERT INTO "transaction_journals" VALUES(242,'2014-12-20 09:10:16','2014-12-20 09:10:16',NULL,1,1,NULL,1,'Groceries',1,'2014-08-20 00:00:00');
INSERT INTO "transaction_journals" VALUES(243,'2014-12-20 09:10:16','2014-12-20 09:10:16',NULL,1,1,NULL,1,'Lunch',1,'2014-08-21 00:00:00');
INSERT INTO "transaction_journals" VALUES(244,'2014-12-20 09:10:16','2014-12-20 09:10:16',NULL,1,1,NULL,1,'Groceries',1,'2014-08-22 00:00:00');
INSERT INTO "transaction_journals" VALUES(245,'2014-12-20 09:10:16','2014-12-20 09:10:16',NULL,1,1,NULL,1,'Lunch',1,'2014-08-23 00:00:00');
INSERT INTO "transaction_journals" VALUES(246,'2014-12-20 09:10:16','2014-12-20 09:10:16',NULL,1,1,NULL,1,'Groceries',1,'2014-08-24 00:00:00');
INSERT INTO "transaction_journals" VALUES(247,'2014-12-20 09:10:16','2014-12-20 09:10:16',NULL,1,1,NULL,1,'Lunch',1,'2014-08-25 00:00:00');
INSERT INTO "transaction_journals" VALUES(248,'2014-12-20 09:10:16','2014-12-20 09:10:16',NULL,1,1,NULL,1,'Groceries',1,'2014-08-26 00:00:00');
INSERT INTO "transaction_journals" VALUES(249,'2014-12-20 09:10:16','2014-12-20 09:10:16',NULL,1,2,NULL,1,'Salary',1,'2014-08-23 00:00:00');
INSERT INTO "transaction_journals" VALUES(250,'2014-12-20 09:10:16','2014-12-20 09:10:16',NULL,1,1,NULL,1,'Taxes in August 2014',1,'2014-08-27 00:00:00');
INSERT INTO "transaction_journals" VALUES(251,'2014-12-20 09:10:16','2014-12-20 09:10:16',NULL,1,1,NULL,1,'Rent for September 2014',1,'2014-09-01 00:00:00');
INSERT INTO "transaction_journals" VALUES(252,'2014-12-20 09:10:16','2014-12-20 09:10:16',NULL,1,1,NULL,1,'Water for September 2014',1,'2014-09-02 00:00:00');
INSERT INTO "transaction_journals" VALUES(253,'2014-12-20 09:10:16','2014-12-20 09:10:16',NULL,1,1,NULL,1,'Power for September 2014',1,'2014-09-02 00:00:00');
INSERT INTO "transaction_journals" VALUES(254,'2014-12-20 09:10:16','2014-12-20 09:10:16',NULL,1,1,NULL,1,'Lunch',1,'2014-09-01 00:00:00');
INSERT INTO "transaction_journals" VALUES(255,'2014-12-20 09:10:16','2014-12-20 09:10:16',NULL,1,1,NULL,1,'Groceries',1,'2014-09-02 00:00:00');
INSERT INTO "transaction_journals" VALUES(256,'2014-12-20 09:10:16','2014-12-20 09:10:16',NULL,1,1,NULL,1,'Lunch',1,'2014-09-03 00:00:00');
INSERT INTO "transaction_journals" VALUES(257,'2014-12-20 09:10:16','2014-12-20 09:10:16',NULL,1,1,NULL,1,'Groceries',1,'2014-09-04 00:00:00');
INSERT INTO "transaction_journals" VALUES(258,'2014-12-20 09:10:16','2014-12-20 09:10:16',NULL,1,1,NULL,1,'Lunch',1,'2014-09-05 00:00:00');
INSERT INTO "transaction_journals" VALUES(259,'2014-12-20 09:10:16','2014-12-20 09:10:16',NULL,1,1,NULL,1,'Groceries',1,'2014-09-06 00:00:00');
INSERT INTO "transaction_journals" VALUES(260,'2014-12-20 09:10:16','2014-12-20 09:10:16',NULL,1,1,NULL,1,'Lunch',1,'2014-09-07 00:00:00');
INSERT INTO "transaction_journals" VALUES(261,'2014-12-20 09:10:16','2014-12-20 09:10:16',NULL,1,1,NULL,1,'Groceries',1,'2014-09-08 00:00:00');
INSERT INTO "transaction_journals" VALUES(262,'2014-12-20 09:10:16','2014-12-20 09:10:16',NULL,1,1,NULL,1,'Lunch',1,'2014-09-09 00:00:00');
INSERT INTO "transaction_journals" VALUES(263,'2014-12-20 09:10:16','2014-12-20 09:10:16',NULL,1,1,NULL,1,'Groceries',1,'2014-09-10 00:00:00');
INSERT INTO "transaction_journals" VALUES(264,'2014-12-20 09:10:17','2014-12-20 09:10:17',NULL,1,1,NULL,1,'Lunch',1,'2014-09-11 00:00:00');
INSERT INTO "transaction_journals" VALUES(265,'2014-12-20 09:10:17','2014-12-20 09:10:17',NULL,1,1,NULL,1,'Groceries',1,'2014-09-12 00:00:00');
INSERT INTO "transaction_journals" VALUES(266,'2014-12-20 09:10:17','2014-12-20 09:10:17',NULL,1,1,NULL,1,'Lunch',1,'2014-09-13 00:00:00');
INSERT INTO "transaction_journals" VALUES(267,'2014-12-20 09:10:17','2014-12-20 09:10:17',NULL,1,1,NULL,1,'Groceries',1,'2014-09-14 00:00:00');
INSERT INTO "transaction_journals" VALUES(268,'2014-12-20 09:10:17','2014-12-20 09:10:17',NULL,1,1,NULL,1,'Lunch',1,'2014-09-15 00:00:00');
INSERT INTO "transaction_journals" VALUES(269,'2014-12-20 09:10:17','2014-12-20 09:10:17',NULL,1,1,NULL,1,'Groceries',1,'2014-09-16 00:00:00');
INSERT INTO "transaction_journals" VALUES(270,'2014-12-20 09:10:17','2014-12-20 09:10:17',NULL,1,1,NULL,1,'Lunch',1,'2014-09-17 00:00:00');
INSERT INTO "transaction_journals" VALUES(271,'2014-12-20 09:10:17','2014-12-20 09:10:17',NULL,1,1,NULL,1,'Groceries',1,'2014-09-18 00:00:00');
INSERT INTO "transaction_journals" VALUES(272,'2014-12-20 09:10:17','2014-12-20 09:10:17',NULL,1,1,NULL,1,'Lunch',1,'2014-09-19 00:00:00');
INSERT INTO "transaction_journals" VALUES(273,'2014-12-20 09:10:17','2014-12-20 09:10:17',NULL,1,1,NULL,1,'Groceries',1,'2014-09-20 00:00:00');
INSERT INTO "transaction_journals" VALUES(274,'2014-12-20 09:10:17','2014-12-20 09:10:17',NULL,1,1,NULL,1,'Lunch',1,'2014-09-21 00:00:00');
INSERT INTO "transaction_journals" VALUES(275,'2014-12-20 09:10:17','2014-12-20 09:10:17',NULL,1,1,NULL,1,'Groceries',1,'2014-09-22 00:00:00');
INSERT INTO "transaction_journals" VALUES(276,'2014-12-20 09:10:17','2014-12-20 09:10:17',NULL,1,1,NULL,1,'Lunch',1,'2014-09-23 00:00:00');
INSERT INTO "transaction_journals" VALUES(277,'2014-12-20 09:10:17','2014-12-20 09:10:17',NULL,1,1,NULL,1,'Groceries',1,'2014-09-24 00:00:00');
INSERT INTO "transaction_journals" VALUES(278,'2014-12-20 09:10:17','2014-12-20 09:10:17',NULL,1,1,NULL,1,'Lunch',1,'2014-09-25 00:00:00');
INSERT INTO "transaction_journals" VALUES(279,'2014-12-20 09:10:17','2014-12-20 09:10:17',NULL,1,1,NULL,1,'Groceries',1,'2014-09-26 00:00:00');
INSERT INTO "transaction_journals" VALUES(280,'2014-12-20 09:10:17','2014-12-20 09:10:17',NULL,1,2,NULL,1,'Salary',1,'2014-09-23 00:00:00');
INSERT INTO "transaction_journals" VALUES(281,'2014-12-20 09:10:17','2014-12-20 09:10:17',NULL,1,1,NULL,1,'Taxes in September 2014',1,'2014-09-27 00:00:00');
INSERT INTO "transaction_journals" VALUES(282,'2014-12-20 09:10:17','2014-12-20 09:10:17',NULL,1,1,NULL,1,'Rent for October 2014',1,'2014-10-01 00:00:00');
INSERT INTO "transaction_journals" VALUES(283,'2014-12-20 09:10:17','2014-12-20 09:10:17',NULL,1,1,NULL,1,'Water for October 2014',1,'2014-10-02 00:00:00');
INSERT INTO "transaction_journals" VALUES(284,'2014-12-20 09:10:17','2014-12-20 09:10:17',NULL,1,1,NULL,1,'Power for October 2014',1,'2014-10-02 00:00:00');
INSERT INTO "transaction_journals" VALUES(285,'2014-12-20 09:10:17','2014-12-20 09:10:17',NULL,1,1,NULL,1,'Lunch',1,'2014-10-01 00:00:00');
INSERT INTO "transaction_journals" VALUES(286,'2014-12-20 09:10:17','2014-12-20 09:10:17',NULL,1,1,NULL,1,'Groceries',1,'2014-10-02 00:00:00');
INSERT INTO "transaction_journals" VALUES(287,'2014-12-20 09:10:17','2014-12-20 09:10:17',NULL,1,1,NULL,1,'Lunch',1,'2014-10-03 00:00:00');
INSERT INTO "transaction_journals" VALUES(288,'2014-12-20 09:10:17','2014-12-20 09:10:17',NULL,1,1,NULL,1,'Groceries',1,'2014-10-04 00:00:00');
INSERT INTO "transaction_journals" VALUES(289,'2014-12-20 09:10:17','2014-12-20 09:10:17',NULL,1,1,NULL,1,'Lunch',1,'2014-10-05 00:00:00');
INSERT INTO "transaction_journals" VALUES(290,'2014-12-20 09:10:17','2014-12-20 09:10:17',NULL,1,1,NULL,1,'Groceries',1,'2014-10-06 00:00:00');
INSERT INTO "transaction_journals" VALUES(291,'2014-12-20 09:10:17','2014-12-20 09:10:17',NULL,1,1,NULL,1,'Lunch',1,'2014-10-07 00:00:00');
INSERT INTO "transaction_journals" VALUES(292,'2014-12-20 09:10:17','2014-12-20 09:10:17',NULL,1,1,NULL,1,'Groceries',1,'2014-10-08 00:00:00');
INSERT INTO "transaction_journals" VALUES(293,'2014-12-20 09:10:17','2014-12-20 09:10:17',NULL,1,1,NULL,1,'Lunch',1,'2014-10-09 00:00:00');
INSERT INTO "transaction_journals" VALUES(294,'2014-12-20 09:10:17','2014-12-20 09:10:17',NULL,1,1,NULL,1,'Groceries',1,'2014-10-10 00:00:00');
INSERT INTO "transaction_journals" VALUES(295,'2014-12-20 09:10:17','2014-12-20 09:10:17',NULL,1,1,NULL,1,'Lunch',1,'2014-10-11 00:00:00');
INSERT INTO "transaction_journals" VALUES(296,'2014-12-20 09:10:17','2014-12-20 09:10:17',NULL,1,1,NULL,1,'Groceries',1,'2014-10-12 00:00:00');
INSERT INTO "transaction_journals" VALUES(297,'2014-12-20 09:10:17','2014-12-20 09:10:17',NULL,1,1,NULL,1,'Lunch',1,'2014-10-13 00:00:00');
INSERT INTO "transaction_journals" VALUES(298,'2014-12-20 09:10:17','2014-12-20 09:10:17',NULL,1,1,NULL,1,'Groceries',1,'2014-10-14 00:00:00');
INSERT INTO "transaction_journals" VALUES(299,'2014-12-20 09:10:17','2014-12-20 09:10:17',NULL,1,1,NULL,1,'Lunch',1,'2014-10-15 00:00:00');
INSERT INTO "transaction_journals" VALUES(300,'2014-12-20 09:10:17','2014-12-20 09:10:17',NULL,1,1,NULL,1,'Groceries',1,'2014-10-16 00:00:00');
INSERT INTO "transaction_journals" VALUES(301,'2014-12-20 09:10:17','2014-12-20 09:10:17',NULL,1,1,NULL,1,'Lunch',1,'2014-10-17 00:00:00');
INSERT INTO "transaction_journals" VALUES(302,'2014-12-20 09:10:17','2014-12-20 09:10:17',NULL,1,1,NULL,1,'Groceries',1,'2014-10-18 00:00:00');
INSERT INTO "transaction_journals" VALUES(303,'2014-12-20 09:10:18','2014-12-20 09:10:18',NULL,1,1,NULL,1,'Lunch',1,'2014-10-19 00:00:00');
INSERT INTO "transaction_journals" VALUES(304,'2014-12-20 09:10:18','2014-12-20 09:10:18',NULL,1,1,NULL,1,'Groceries',1,'2014-10-20 00:00:00');
INSERT INTO "transaction_journals" VALUES(305,'2014-12-20 09:10:18','2014-12-20 09:10:18',NULL,1,1,NULL,1,'Lunch',1,'2014-10-21 00:00:00');
INSERT INTO "transaction_journals" VALUES(306,'2014-12-20 09:10:18','2014-12-20 09:10:18',NULL,1,1,NULL,1,'Groceries',1,'2014-10-22 00:00:00');
INSERT INTO "transaction_journals" VALUES(307,'2014-12-20 09:10:18','2014-12-20 09:10:18',NULL,1,1,NULL,1,'Lunch',1,'2014-10-23 00:00:00');
INSERT INTO "transaction_journals" VALUES(308,'2014-12-20 09:10:18','2014-12-20 09:10:18',NULL,1,1,NULL,1,'Groceries',1,'2014-10-24 00:00:00');
INSERT INTO "transaction_journals" VALUES(309,'2014-12-20 09:10:18','2014-12-20 09:10:18',NULL,1,1,NULL,1,'Lunch',1,'2014-10-25 00:00:00');
INSERT INTO "transaction_journals" VALUES(310,'2014-12-20 09:10:18','2014-12-20 09:10:18',NULL,1,1,NULL,1,'Groceries',1,'2014-10-26 00:00:00');
INSERT INTO "transaction_journals" VALUES(311,'2014-12-20 09:10:18','2014-12-20 09:10:18',NULL,1,2,NULL,1,'Salary',1,'2014-10-23 00:00:00');
INSERT INTO "transaction_journals" VALUES(312,'2014-12-20 09:10:18','2014-12-20 09:10:18',NULL,1,1,NULL,1,'Taxes in October 2014',1,'2014-10-27 00:00:00');
INSERT INTO "transaction_journals" VALUES(313,'2014-12-20 09:10:18','2014-12-20 09:10:18',NULL,1,1,NULL,1,'Rent for November 2014',1,'2014-11-01 00:00:00');
INSERT INTO "transaction_journals" VALUES(314,'2014-12-20 09:10:18','2014-12-20 09:10:18',NULL,1,1,NULL,1,'Water for November 2014',1,'2014-11-02 00:00:00');
INSERT INTO "transaction_journals" VALUES(315,'2014-12-20 09:10:18','2014-12-20 09:10:18',NULL,1,1,NULL,1,'Power for November 2014',1,'2014-11-02 00:00:00');
INSERT INTO "transaction_journals" VALUES(316,'2014-12-20 09:10:18','2014-12-20 09:10:18',NULL,1,1,NULL,1,'Lunch',1,'2014-11-01 00:00:00');
INSERT INTO "transaction_journals" VALUES(317,'2014-12-20 09:10:18','2014-12-20 09:10:18',NULL,1,1,NULL,1,'Groceries',1,'2014-11-02 00:00:00');
INSERT INTO "transaction_journals" VALUES(318,'2014-12-20 09:10:18','2014-12-20 09:10:18',NULL,1,1,NULL,1,'Lunch',1,'2014-11-03 00:00:00');
INSERT INTO "transaction_journals" VALUES(319,'2014-12-20 09:10:18','2014-12-20 09:10:18',NULL,1,1,NULL,1,'Groceries',1,'2014-11-04 00:00:00');
INSERT INTO "transaction_journals" VALUES(320,'2014-12-20 09:10:18','2014-12-20 09:10:18',NULL,1,1,NULL,1,'Lunch',1,'2014-11-05 00:00:00');
INSERT INTO "transaction_journals" VALUES(321,'2014-12-20 09:10:18','2014-12-20 09:10:18',NULL,1,1,NULL,1,'Groceries',1,'2014-11-06 00:00:00');
INSERT INTO "transaction_journals" VALUES(322,'2014-12-20 09:10:18','2014-12-20 09:10:18',NULL,1,1,NULL,1,'Lunch',1,'2014-11-07 00:00:00');
INSERT INTO "transaction_journals" VALUES(323,'2014-12-20 09:10:18','2014-12-20 09:10:18',NULL,1,1,NULL,1,'Groceries',1,'2014-11-08 00:00:00');
INSERT INTO "transaction_journals" VALUES(324,'2014-12-20 09:10:18','2014-12-20 09:10:18',NULL,1,1,NULL,1,'Lunch',1,'2014-11-09 00:00:00');
INSERT INTO "transaction_journals" VALUES(325,'2014-12-20 09:10:18','2014-12-20 09:10:18',NULL,1,1,NULL,1,'Groceries',1,'2014-11-10 00:00:00');
INSERT INTO "transaction_journals" VALUES(326,'2014-12-20 09:10:18','2014-12-20 09:10:18',NULL,1,1,NULL,1,'Lunch',1,'2014-11-11 00:00:00');
INSERT INTO "transaction_journals" VALUES(327,'2014-12-20 09:10:18','2014-12-20 09:10:18',NULL,1,1,NULL,1,'Groceries',1,'2014-11-12 00:00:00');
INSERT INTO "transaction_journals" VALUES(328,'2014-12-20 09:10:18','2014-12-20 09:10:18',NULL,1,1,NULL,1,'Lunch',1,'2014-11-13 00:00:00');
INSERT INTO "transaction_journals" VALUES(329,'2014-12-20 09:10:18','2014-12-20 09:10:18',NULL,1,1,NULL,1,'Groceries',1,'2014-11-14 00:00:00');
INSERT INTO "transaction_journals" VALUES(330,'2014-12-20 09:10:18','2014-12-20 09:10:18',NULL,1,1,NULL,1,'Lunch',1,'2014-11-15 00:00:00');
INSERT INTO "transaction_journals" VALUES(331,'2014-12-20 09:10:18','2014-12-20 09:10:18',NULL,1,1,NULL,1,'Groceries',1,'2014-11-16 00:00:00');
INSERT INTO "transaction_journals" VALUES(332,'2014-12-20 09:10:18','2014-12-20 09:10:18',NULL,1,1,NULL,1,'Lunch',1,'2014-11-17 00:00:00');
INSERT INTO "transaction_journals" VALUES(333,'2014-12-20 09:10:18','2014-12-20 09:10:18',NULL,1,1,NULL,1,'Groceries',1,'2014-11-18 00:00:00');
INSERT INTO "transaction_journals" VALUES(334,'2014-12-20 09:10:18','2014-12-20 09:10:18',NULL,1,1,NULL,1,'Lunch',1,'2014-11-19 00:00:00');
INSERT INTO "transaction_journals" VALUES(335,'2014-12-20 09:10:18','2014-12-20 09:10:18',NULL,1,1,NULL,1,'Groceries',1,'2014-11-20 00:00:00');
INSERT INTO "transaction_journals" VALUES(336,'2014-12-20 09:10:18','2014-12-20 09:10:18',NULL,1,1,NULL,1,'Lunch',1,'2014-11-21 00:00:00');
INSERT INTO "transaction_journals" VALUES(337,'2014-12-20 09:10:18','2014-12-20 09:10:18',NULL,1,1,NULL,1,'Groceries',1,'2014-11-22 00:00:00');
INSERT INTO "transaction_journals" VALUES(338,'2014-12-20 09:10:18','2014-12-20 09:10:18',NULL,1,1,NULL,1,'Lunch',1,'2014-11-23 00:00:00');
INSERT INTO "transaction_journals" VALUES(339,'2014-12-20 09:10:18','2014-12-20 09:10:18',NULL,1,1,NULL,1,'Groceries',1,'2014-11-24 00:00:00');
INSERT INTO "transaction_journals" VALUES(340,'2014-12-20 09:10:19','2014-12-20 09:10:19',NULL,1,1,NULL,1,'Lunch',1,'2014-11-25 00:00:00');
INSERT INTO "transaction_journals" VALUES(341,'2014-12-20 09:10:19','2014-12-20 09:10:19',NULL,1,1,NULL,1,'Groceries',1,'2014-11-26 00:00:00');
INSERT INTO "transaction_journals" VALUES(342,'2014-12-20 09:10:19','2014-12-20 09:10:19',NULL,1,2,NULL,1,'Salary',1,'2014-11-23 00:00:00');
INSERT INTO "transaction_journals" VALUES(343,'2014-12-20 09:10:19','2014-12-20 09:10:19',NULL,1,1,NULL,1,'Taxes in November 2014',1,'2014-11-27 00:00:00');
INSERT INTO "transaction_journals" VALUES(344,'2014-12-20 09:10:19','2014-12-20 09:10:19',NULL,1,3,NULL,1,'Money for new PC',1,'2014-11-11 00:00:00');
INSERT INTO "transaction_journals" VALUES(345,'2014-12-20 09:10:19','2014-12-20 09:10:19',NULL,1,1,NULL,1,'New PC',1,'2014-11-12 00:00:00');
CREATE TABLE "preferences" ("id" integer not null primary key autoincrement, "created_at" datetime not null, "updated_at" datetime not null, "user_id" integer not null, "name" varchar not null, "data" text not null, foreign key("user_id") references "users"("id") on delete cascade);
CREATE TABLE "sessions" ("id" varchar not null, "payload" text not null, "last_activity" integer not null);
CREATE TABLE "piggybank_repetitions" ("id" integer not null primary key autoincrement, "created_at" datetime not null, "updated_at" datetime not null, "piggybank_id" integer not null, "startdate" date null, "targetdate" date null, "currentamount" float not null, foreign key("piggybank_id") references "piggybanks"("id") on delete cascade);
CREATE TABLE "piggy_bank_events" ("id" integer not null primary key autoincrement, "created_at" datetime not null, "updated_at" datetime not null, "piggybank_id" integer not null, "transaction_journal_id" integer null, "date" date not null, "amount" float not null, foreign key("piggybank_id") references "piggybanks"("id") on delete cascade, foreign key("transaction_journal_id") references "transaction_journals"("id") on delete set null);
CREATE TABLE "reminders" ("id" integer not null primary key autoincrement, "created_at" datetime not null, "updated_at" datetime not null, "user_id" integer not null, "startdate" date not null, "enddate" date null, "active" tinyint not null, "notnow" tinyint not null default '0', "remindersable_id" integer null, "remindersable_type" varchar null, foreign key("user_id") references "users"("id") on delete cascade);
CREATE TABLE "account_meta" ("id" integer not null primary key autoincrement, "created_at" datetime not null, "updated_at" datetime not null, "account_id" integer not null, "name" varchar not null, "data" text not null);
CREATE TABLE "transaction_groups" ("id" integer not null primary key autoincrement, "created_at" datetime not null, "updated_at" datetime not null, "deleted_at" datetime null, "user_id" integer not null, "relation" varchar not null, foreign key("user_id") references "users"("id") on delete cascade);
CREATE TABLE "transaction_group_transaction_journal" ("id" integer not null primary key autoincrement, "transaction_group_id" integer not null, "transaction_journal_id" integer not null, foreign key("transaction_group_id") references "transaction_groups"("id") on delete cascade, foreign key("transaction_journal_id") references "transaction_journals"("id") on delete cascade);
CREATE TABLE "budgets" ("id" integer not null primary key autoincrement, "created_at" datetime not null, "updated_at" datetime not null, "deleted_at" datetime null, "name" varchar not null, "user_id" integer not null, foreign key("user_id") references "users"("id") on delete cascade);
INSERT INTO "budgets" VALUES(1,'2014-12-20 09:10:09','2014-12-20 09:10:09',NULL,'Groceries',1);
INSERT INTO "budgets" VALUES(2,'2014-12-20 09:10:09','2014-12-20 09:10:09',NULL,'Bills',1);
INSERT INTO "budgets" VALUES(3,'2014-12-20 09:10:09','2014-12-20 09:10:09',NULL,'Delete me',1);
CREATE TABLE "categories" ("id" integer not null primary key autoincrement, "created_at" datetime not null, "updated_at" datetime not null, "deleted_at" datetime null, "name" varchar not null, "user_id" integer not null, foreign key("user_id") references "users"("id") on delete cascade);
INSERT INTO "categories" VALUES(1,'2014-12-20 09:10:09','2014-12-20 09:10:09',NULL,'DailyGroceries',1);
INSERT INTO "categories" VALUES(2,'2014-12-20 09:10:09','2014-12-20 09:10:09',NULL,'Lunch',1);
INSERT INTO "categories" VALUES(3,'2014-12-20 09:10:09','2014-12-20 09:10:09',NULL,'House',1);
CREATE TABLE "budget_transaction_journal" ("id" integer not null primary key autoincrement, "budget_id" integer not null, "transaction_journal_id" integer not null, foreign key("budget_id") references "budgets"("id") on delete cascade, foreign key("transaction_journal_id") references "transaction_journals"("id") on delete cascade);
INSERT INTO "budget_transaction_journal" VALUES(1,2,3);
INSERT INTO "budget_transaction_journal" VALUES(2,2,4);
INSERT INTO "budget_transaction_journal" VALUES(3,2,5);
INSERT INTO "budget_transaction_journal" VALUES(4,1,6);
INSERT INTO "budget_transaction_journal" VALUES(5,1,7);
INSERT INTO "budget_transaction_journal" VALUES(6,1,8);
INSERT INTO "budget_transaction_journal" VALUES(7,1,9);
INSERT INTO "budget_transaction_journal" VALUES(8,1,10);
INSERT INTO "budget_transaction_journal" VALUES(9,1,11);
INSERT INTO "budget_transaction_journal" VALUES(10,1,12);
INSERT INTO "budget_transaction_journal" VALUES(11,1,13);
INSERT INTO "budget_transaction_journal" VALUES(12,1,14);
INSERT INTO "budget_transaction_journal" VALUES(13,1,15);
INSERT INTO "budget_transaction_journal" VALUES(14,1,16);
INSERT INTO "budget_transaction_journal" VALUES(15,1,17);
INSERT INTO "budget_transaction_journal" VALUES(16,1,18);
INSERT INTO "budget_transaction_journal" VALUES(17,1,19);
INSERT INTO "budget_transaction_journal" VALUES(18,1,20);
INSERT INTO "budget_transaction_journal" VALUES(19,1,21);
INSERT INTO "budget_transaction_journal" VALUES(20,1,22);
INSERT INTO "budget_transaction_journal" VALUES(21,1,23);
INSERT INTO "budget_transaction_journal" VALUES(22,1,24);
INSERT INTO "budget_transaction_journal" VALUES(23,1,25);
INSERT INTO "budget_transaction_journal" VALUES(24,1,26);
INSERT INTO "budget_transaction_journal" VALUES(25,1,27);
INSERT INTO "budget_transaction_journal" VALUES(26,1,28);
INSERT INTO "budget_transaction_journal" VALUES(27,1,29);
INSERT INTO "budget_transaction_journal" VALUES(28,1,30);
INSERT INTO "budget_transaction_journal" VALUES(29,1,31);
INSERT INTO "budget_transaction_journal" VALUES(30,2,34);
INSERT INTO "budget_transaction_journal" VALUES(31,2,35);
INSERT INTO "budget_transaction_journal" VALUES(32,2,36);
INSERT INTO "budget_transaction_journal" VALUES(33,1,37);
INSERT INTO "budget_transaction_journal" VALUES(34,1,38);
INSERT INTO "budget_transaction_journal" VALUES(35,1,39);
INSERT INTO "budget_transaction_journal" VALUES(36,1,40);
INSERT INTO "budget_transaction_journal" VALUES(37,1,41);
INSERT INTO "budget_transaction_journal" VALUES(38,1,42);
INSERT INTO "budget_transaction_journal" VALUES(39,1,43);
INSERT INTO "budget_transaction_journal" VALUES(40,1,44);
INSERT INTO "budget_transaction_journal" VALUES(41,1,45);
INSERT INTO "budget_transaction_journal" VALUES(42,1,46);
INSERT INTO "budget_transaction_journal" VALUES(43,1,47);
INSERT INTO "budget_transaction_journal" VALUES(44,1,48);
INSERT INTO "budget_transaction_journal" VALUES(45,1,49);
INSERT INTO "budget_transaction_journal" VALUES(46,1,50);
INSERT INTO "budget_transaction_journal" VALUES(47,1,51);
INSERT INTO "budget_transaction_journal" VALUES(48,1,52);
INSERT INTO "budget_transaction_journal" VALUES(49,1,53);
INSERT INTO "budget_transaction_journal" VALUES(50,1,54);
INSERT INTO "budget_transaction_journal" VALUES(51,1,55);
INSERT INTO "budget_transaction_journal" VALUES(52,1,56);
INSERT INTO "budget_transaction_journal" VALUES(53,1,57);
INSERT INTO "budget_transaction_journal" VALUES(54,1,58);
INSERT INTO "budget_transaction_journal" VALUES(55,1,59);
INSERT INTO "budget_transaction_journal" VALUES(56,1,60);
INSERT INTO "budget_transaction_journal" VALUES(57,1,61);
INSERT INTO "budget_transaction_journal" VALUES(58,1,62);
INSERT INTO "budget_transaction_journal" VALUES(59,2,65);
INSERT INTO "budget_transaction_journal" VALUES(60,2,66);
INSERT INTO "budget_transaction_journal" VALUES(61,2,67);
INSERT INTO "budget_transaction_journal" VALUES(62,1,68);
INSERT INTO "budget_transaction_journal" VALUES(63,1,69);
INSERT INTO "budget_transaction_journal" VALUES(64,1,70);
INSERT INTO "budget_transaction_journal" VALUES(65,1,71);
INSERT INTO "budget_transaction_journal" VALUES(66,1,72);
INSERT INTO "budget_transaction_journal" VALUES(67,1,73);
INSERT INTO "budget_transaction_journal" VALUES(68,1,74);
INSERT INTO "budget_transaction_journal" VALUES(69,1,75);
INSERT INTO "budget_transaction_journal" VALUES(70,1,76);
INSERT INTO "budget_transaction_journal" VALUES(71,1,77);
INSERT INTO "budget_transaction_journal" VALUES(72,1,78);
INSERT INTO "budget_transaction_journal" VALUES(73,1,79);
INSERT INTO "budget_transaction_journal" VALUES(74,1,80);
INSERT INTO "budget_transaction_journal" VALUES(75,1,81);
INSERT INTO "budget_transaction_journal" VALUES(76,1,82);
INSERT INTO "budget_transaction_journal" VALUES(77,1,83);
INSERT INTO "budget_transaction_journal" VALUES(78,1,84);
INSERT INTO "budget_transaction_journal" VALUES(79,1,85);
INSERT INTO "budget_transaction_journal" VALUES(80,1,86);
INSERT INTO "budget_transaction_journal" VALUES(81,1,87);
INSERT INTO "budget_transaction_journal" VALUES(82,1,88);
INSERT INTO "budget_transaction_journal" VALUES(83,1,89);
INSERT INTO "budget_transaction_journal" VALUES(84,1,90);
INSERT INTO "budget_transaction_journal" VALUES(85,1,91);
INSERT INTO "budget_transaction_journal" VALUES(86,1,92);
INSERT INTO "budget_transaction_journal" VALUES(87,1,93);
INSERT INTO "budget_transaction_journal" VALUES(88,2,96);
INSERT INTO "budget_transaction_journal" VALUES(89,2,97);
INSERT INTO "budget_transaction_journal" VALUES(90,2,98);
INSERT INTO "budget_transaction_journal" VALUES(91,1,99);
INSERT INTO "budget_transaction_journal" VALUES(92,1,100);
INSERT INTO "budget_transaction_journal" VALUES(93,1,101);
INSERT INTO "budget_transaction_journal" VALUES(94,1,102);
INSERT INTO "budget_transaction_journal" VALUES(95,1,103);
INSERT INTO "budget_transaction_journal" VALUES(96,1,104);
INSERT INTO "budget_transaction_journal" VALUES(97,1,105);
INSERT INTO "budget_transaction_journal" VALUES(98,1,106);
INSERT INTO "budget_transaction_journal" VALUES(99,1,107);
INSERT INTO "budget_transaction_journal" VALUES(100,1,108);
INSERT INTO "budget_transaction_journal" VALUES(101,1,109);
INSERT INTO "budget_transaction_journal" VALUES(102,1,110);
INSERT INTO "budget_transaction_journal" VALUES(103,1,111);
INSERT INTO "budget_transaction_journal" VALUES(104,1,112);
INSERT INTO "budget_transaction_journal" VALUES(105,1,113);
INSERT INTO "budget_transaction_journal" VALUES(106,1,114);
INSERT INTO "budget_transaction_journal" VALUES(107,1,115);
INSERT INTO "budget_transaction_journal" VALUES(108,1,116);
INSERT INTO "budget_transaction_journal" VALUES(109,1,117);
INSERT INTO "budget_transaction_journal" VALUES(110,1,118);
INSERT INTO "budget_transaction_journal" VALUES(111,1,119);
INSERT INTO "budget_transaction_journal" VALUES(112,1,120);
INSERT INTO "budget_transaction_journal" VALUES(113,1,121);
INSERT INTO "budget_transaction_journal" VALUES(114,1,122);
INSERT INTO "budget_transaction_journal" VALUES(115,1,123);
INSERT INTO "budget_transaction_journal" VALUES(116,1,124);
INSERT INTO "budget_transaction_journal" VALUES(117,2,127);
INSERT INTO "budget_transaction_journal" VALUES(118,2,128);
INSERT INTO "budget_transaction_journal" VALUES(119,2,129);
INSERT INTO "budget_transaction_journal" VALUES(120,1,130);
INSERT INTO "budget_transaction_journal" VALUES(121,1,131);
INSERT INTO "budget_transaction_journal" VALUES(122,1,132);
INSERT INTO "budget_transaction_journal" VALUES(123,1,133);
INSERT INTO "budget_transaction_journal" VALUES(124,1,134);
INSERT INTO "budget_transaction_journal" VALUES(125,1,135);
INSERT INTO "budget_transaction_journal" VALUES(126,1,136);
INSERT INTO "budget_transaction_journal" VALUES(127,1,137);
INSERT INTO "budget_transaction_journal" VALUES(128,1,138);
INSERT INTO "budget_transaction_journal" VALUES(129,1,139);
INSERT INTO "budget_transaction_journal" VALUES(130,1,140);
INSERT INTO "budget_transaction_journal" VALUES(131,1,141);
INSERT INTO "budget_transaction_journal" VALUES(132,1,142);
INSERT INTO "budget_transaction_journal" VALUES(133,1,143);
INSERT INTO "budget_transaction_journal" VALUES(134,1,144);
INSERT INTO "budget_transaction_journal" VALUES(135,1,145);
INSERT INTO "budget_transaction_journal" VALUES(136,1,146);
INSERT INTO "budget_transaction_journal" VALUES(137,1,147);
INSERT INTO "budget_transaction_journal" VALUES(138,1,148);
INSERT INTO "budget_transaction_journal" VALUES(139,1,149);
INSERT INTO "budget_transaction_journal" VALUES(140,1,150);
INSERT INTO "budget_transaction_journal" VALUES(141,1,151);
INSERT INTO "budget_transaction_journal" VALUES(142,1,152);
INSERT INTO "budget_transaction_journal" VALUES(143,1,153);
INSERT INTO "budget_transaction_journal" VALUES(144,1,154);
INSERT INTO "budget_transaction_journal" VALUES(145,1,155);
INSERT INTO "budget_transaction_journal" VALUES(146,2,158);
INSERT INTO "budget_transaction_journal" VALUES(147,2,159);
INSERT INTO "budget_transaction_journal" VALUES(148,2,160);
INSERT INTO "budget_transaction_journal" VALUES(149,1,161);
INSERT INTO "budget_transaction_journal" VALUES(150,1,162);
INSERT INTO "budget_transaction_journal" VALUES(151,1,163);
INSERT INTO "budget_transaction_journal" VALUES(152,1,164);
INSERT INTO "budget_transaction_journal" VALUES(153,1,165);
INSERT INTO "budget_transaction_journal" VALUES(154,1,166);
INSERT INTO "budget_transaction_journal" VALUES(155,1,167);
INSERT INTO "budget_transaction_journal" VALUES(156,1,168);
INSERT INTO "budget_transaction_journal" VALUES(157,1,169);
INSERT INTO "budget_transaction_journal" VALUES(158,1,170);
INSERT INTO "budget_transaction_journal" VALUES(159,1,171);
INSERT INTO "budget_transaction_journal" VALUES(160,1,172);
INSERT INTO "budget_transaction_journal" VALUES(161,1,173);
INSERT INTO "budget_transaction_journal" VALUES(162,1,174);
INSERT INTO "budget_transaction_journal" VALUES(163,1,175);
INSERT INTO "budget_transaction_journal" VALUES(164,1,176);
INSERT INTO "budget_transaction_journal" VALUES(165,1,177);
INSERT INTO "budget_transaction_journal" VALUES(166,1,178);
INSERT INTO "budget_transaction_journal" VALUES(167,1,179);
INSERT INTO "budget_transaction_journal" VALUES(168,1,180);
INSERT INTO "budget_transaction_journal" VALUES(169,1,181);
INSERT INTO "budget_transaction_journal" VALUES(170,1,182);
INSERT INTO "budget_transaction_journal" VALUES(171,1,183);
INSERT INTO "budget_transaction_journal" VALUES(172,1,184);
INSERT INTO "budget_transaction_journal" VALUES(173,1,185);
INSERT INTO "budget_transaction_journal" VALUES(174,1,186);
INSERT INTO "budget_transaction_journal" VALUES(175,2,189);
INSERT INTO "budget_transaction_journal" VALUES(176,2,190);
INSERT INTO "budget_transaction_journal" VALUES(177,2,191);
INSERT INTO "budget_transaction_journal" VALUES(178,1,192);
INSERT INTO "budget_transaction_journal" VALUES(179,1,193);
INSERT INTO "budget_transaction_journal" VALUES(180,1,194);
INSERT INTO "budget_transaction_journal" VALUES(181,1,195);
INSERT INTO "budget_transaction_journal" VALUES(182,1,196);
INSERT INTO "budget_transaction_journal" VALUES(183,1,197);
INSERT INTO "budget_transaction_journal" VALUES(184,1,198);
INSERT INTO "budget_transaction_journal" VALUES(185,1,199);
INSERT INTO "budget_transaction_journal" VALUES(186,1,200);
INSERT INTO "budget_transaction_journal" VALUES(187,1,201);
INSERT INTO "budget_transaction_journal" VALUES(188,1,202);
INSERT INTO "budget_transaction_journal" VALUES(189,1,203);
INSERT INTO "budget_transaction_journal" VALUES(190,1,204);
INSERT INTO "budget_transaction_journal" VALUES(191,1,205);
INSERT INTO "budget_transaction_journal" VALUES(192,1,206);
INSERT INTO "budget_transaction_journal" VALUES(193,1,207);
INSERT INTO "budget_transaction_journal" VALUES(194,1,208);
INSERT INTO "budget_transaction_journal" VALUES(195,1,209);
INSERT INTO "budget_transaction_journal" VALUES(196,1,210);
INSERT INTO "budget_transaction_journal" VALUES(197,1,211);
INSERT INTO "budget_transaction_journal" VALUES(198,1,212);
INSERT INTO "budget_transaction_journal" VALUES(199,1,213);
INSERT INTO "budget_transaction_journal" VALUES(200,1,214);
INSERT INTO "budget_transaction_journal" VALUES(201,1,215);
INSERT INTO "budget_transaction_journal" VALUES(202,1,216);
INSERT INTO "budget_transaction_journal" VALUES(203,1,217);
INSERT INTO "budget_transaction_journal" VALUES(204,2,220);
INSERT INTO "budget_transaction_journal" VALUES(205,2,221);
INSERT INTO "budget_transaction_journal" VALUES(206,2,222);
INSERT INTO "budget_transaction_journal" VALUES(207,1,223);
INSERT INTO "budget_transaction_journal" VALUES(208,1,224);
INSERT INTO "budget_transaction_journal" VALUES(209,1,225);
INSERT INTO "budget_transaction_journal" VALUES(210,1,226);
INSERT INTO "budget_transaction_journal" VALUES(211,1,227);
INSERT INTO "budget_transaction_journal" VALUES(212,1,228);
INSERT INTO "budget_transaction_journal" VALUES(213,1,229);
INSERT INTO "budget_transaction_journal" VALUES(214,1,230);
INSERT INTO "budget_transaction_journal" VALUES(215,1,231);
INSERT INTO "budget_transaction_journal" VALUES(216,1,232);
INSERT INTO "budget_transaction_journal" VALUES(217,1,233);
INSERT INTO "budget_transaction_journal" VALUES(218,1,234);
INSERT INTO "budget_transaction_journal" VALUES(219,1,235);
INSERT INTO "budget_transaction_journal" VALUES(220,1,236);
INSERT INTO "budget_transaction_journal" VALUES(221,1,237);
INSERT INTO "budget_transaction_journal" VALUES(222,1,238);
INSERT INTO "budget_transaction_journal" VALUES(223,1,239);
INSERT INTO "budget_transaction_journal" VALUES(224,1,240);
INSERT INTO "budget_transaction_journal" VALUES(225,1,241);
INSERT INTO "budget_transaction_journal" VALUES(226,1,242);
INSERT INTO "budget_transaction_journal" VALUES(227,1,243);
INSERT INTO "budget_transaction_journal" VALUES(228,1,244);
INSERT INTO "budget_transaction_journal" VALUES(229,1,245);
INSERT INTO "budget_transaction_journal" VALUES(230,1,246);
INSERT INTO "budget_transaction_journal" VALUES(231,1,247);
INSERT INTO "budget_transaction_journal" VALUES(232,1,248);
INSERT INTO "budget_transaction_journal" VALUES(233,2,251);
INSERT INTO "budget_transaction_journal" VALUES(234,2,252);
INSERT INTO "budget_transaction_journal" VALUES(235,2,253);
INSERT INTO "budget_transaction_journal" VALUES(236,1,254);
INSERT INTO "budget_transaction_journal" VALUES(237,1,255);
INSERT INTO "budget_transaction_journal" VALUES(238,1,256);
INSERT INTO "budget_transaction_journal" VALUES(239,1,257);
INSERT INTO "budget_transaction_journal" VALUES(240,1,258);
INSERT INTO "budget_transaction_journal" VALUES(241,1,259);
INSERT INTO "budget_transaction_journal" VALUES(242,1,260);
INSERT INTO "budget_transaction_journal" VALUES(243,1,261);
INSERT INTO "budget_transaction_journal" VALUES(244,1,262);
INSERT INTO "budget_transaction_journal" VALUES(245,1,263);
INSERT INTO "budget_transaction_journal" VALUES(246,1,264);
INSERT INTO "budget_transaction_journal" VALUES(247,1,265);
INSERT INTO "budget_transaction_journal" VALUES(248,1,266);
INSERT INTO "budget_transaction_journal" VALUES(249,1,267);
INSERT INTO "budget_transaction_journal" VALUES(250,1,268);
INSERT INTO "budget_transaction_journal" VALUES(251,1,269);
INSERT INTO "budget_transaction_journal" VALUES(252,1,270);
INSERT INTO "budget_transaction_journal" VALUES(253,1,271);
INSERT INTO "budget_transaction_journal" VALUES(254,1,272);
INSERT INTO "budget_transaction_journal" VALUES(255,1,273);
INSERT INTO "budget_transaction_journal" VALUES(256,1,274);
INSERT INTO "budget_transaction_journal" VALUES(257,1,275);
INSERT INTO "budget_transaction_journal" VALUES(258,1,276);
INSERT INTO "budget_transaction_journal" VALUES(259,1,277);
INSERT INTO "budget_transaction_journal" VALUES(260,1,278);
INSERT INTO "budget_transaction_journal" VALUES(261,1,279);
INSERT INTO "budget_transaction_journal" VALUES(262,2,282);
INSERT INTO "budget_transaction_journal" VALUES(263,2,283);
INSERT INTO "budget_transaction_journal" VALUES(264,2,284);
INSERT INTO "budget_transaction_journal" VALUES(265,1,285);
INSERT INTO "budget_transaction_journal" VALUES(266,1,286);
INSERT INTO "budget_transaction_journal" VALUES(267,1,287);
INSERT INTO "budget_transaction_journal" VALUES(268,1,288);
INSERT INTO "budget_transaction_journal" VALUES(269,1,289);
INSERT INTO "budget_transaction_journal" VALUES(270,1,290);
INSERT INTO "budget_transaction_journal" VALUES(271,1,291);
INSERT INTO "budget_transaction_journal" VALUES(272,1,292);
INSERT INTO "budget_transaction_journal" VALUES(273,1,293);
INSERT INTO "budget_transaction_journal" VALUES(274,1,294);
INSERT INTO "budget_transaction_journal" VALUES(275,1,295);
INSERT INTO "budget_transaction_journal" VALUES(276,1,296);
INSERT INTO "budget_transaction_journal" VALUES(277,1,297);
INSERT INTO "budget_transaction_journal" VALUES(278,1,298);
INSERT INTO "budget_transaction_journal" VALUES(279,1,299);
INSERT INTO "budget_transaction_journal" VALUES(280,1,300);
INSERT INTO "budget_transaction_journal" VALUES(281,1,301);
INSERT INTO "budget_transaction_journal" VALUES(282,1,302);
INSERT INTO "budget_transaction_journal" VALUES(283,1,303);
INSERT INTO "budget_transaction_journal" VALUES(284,1,304);
INSERT INTO "budget_transaction_journal" VALUES(285,1,305);
INSERT INTO "budget_transaction_journal" VALUES(286,1,306);
INSERT INTO "budget_transaction_journal" VALUES(287,1,307);
INSERT INTO "budget_transaction_journal" VALUES(288,1,308);
INSERT INTO "budget_transaction_journal" VALUES(289,1,309);
INSERT INTO "budget_transaction_journal" VALUES(290,1,310);
INSERT INTO "budget_transaction_journal" VALUES(291,2,313);
INSERT INTO "budget_transaction_journal" VALUES(292,2,314);
INSERT INTO "budget_transaction_journal" VALUES(293,2,315);
INSERT INTO "budget_transaction_journal" VALUES(294,1,316);
INSERT INTO "budget_transaction_journal" VALUES(295,1,317);
INSERT INTO "budget_transaction_journal" VALUES(296,1,318);
INSERT INTO "budget_transaction_journal" VALUES(297,1,319);
INSERT INTO "budget_transaction_journal" VALUES(298,1,320);
INSERT INTO "budget_transaction_journal" VALUES(299,1,321);
INSERT INTO "budget_transaction_journal" VALUES(300,1,322);
INSERT INTO "budget_transaction_journal" VALUES(301,1,323);
INSERT INTO "budget_transaction_journal" VALUES(302,1,324);
INSERT INTO "budget_transaction_journal" VALUES(303,1,325);
INSERT INTO "budget_transaction_journal" VALUES(304,1,326);
INSERT INTO "budget_transaction_journal" VALUES(305,1,327);
INSERT INTO "budget_transaction_journal" VALUES(306,1,328);
INSERT INTO "budget_transaction_journal" VALUES(307,1,329);
INSERT INTO "budget_transaction_journal" VALUES(308,1,330);
INSERT INTO "budget_transaction_journal" VALUES(309,1,331);
INSERT INTO "budget_transaction_journal" VALUES(310,1,332);
INSERT INTO "budget_transaction_journal" VALUES(311,1,333);
INSERT INTO "budget_transaction_journal" VALUES(312,1,334);
INSERT INTO "budget_transaction_journal" VALUES(313,1,335);
INSERT INTO "budget_transaction_journal" VALUES(314,1,336);
INSERT INTO "budget_transaction_journal" VALUES(315,1,337);
INSERT INTO "budget_transaction_journal" VALUES(316,1,338);
INSERT INTO "budget_transaction_journal" VALUES(317,1,339);
INSERT INTO "budget_transaction_journal" VALUES(318,1,340);
INSERT INTO "budget_transaction_journal" VALUES(319,1,341);
CREATE TABLE "category_transaction_journal" ("id" integer not null primary key autoincrement, "category_id" integer not null, "transaction_journal_id" integer not null, foreign key("category_id") references "categories"("id") on delete cascade, foreign key("transaction_journal_id") references "transaction_journals"("id") on delete cascade);
INSERT INTO "category_transaction_journal" VALUES(1,3,3);
INSERT INTO "category_transaction_journal" VALUES(2,3,4);
INSERT INTO "category_transaction_journal" VALUES(3,3,5);
INSERT INTO "category_transaction_journal" VALUES(4,2,6);
INSERT INTO "category_transaction_journal" VALUES(5,1,7);
INSERT INTO "category_transaction_journal" VALUES(6,2,8);
INSERT INTO "category_transaction_journal" VALUES(7,1,9);
INSERT INTO "category_transaction_journal" VALUES(8,2,10);
INSERT INTO "category_transaction_journal" VALUES(9,1,11);
INSERT INTO "category_transaction_journal" VALUES(10,2,12);
INSERT INTO "category_transaction_journal" VALUES(11,1,13);
INSERT INTO "category_transaction_journal" VALUES(12,2,14);
INSERT INTO "category_transaction_journal" VALUES(13,1,15);
INSERT INTO "category_transaction_journal" VALUES(14,2,16);
INSERT INTO "category_transaction_journal" VALUES(15,1,17);
INSERT INTO "category_transaction_journal" VALUES(16,2,18);
INSERT INTO "category_transaction_journal" VALUES(17,1,19);
INSERT INTO "category_transaction_journal" VALUES(18,2,20);
INSERT INTO "category_transaction_journal" VALUES(19,1,21);
INSERT INTO "category_transaction_journal" VALUES(20,2,22);
INSERT INTO "category_transaction_journal" VALUES(21,1,23);
INSERT INTO "category_transaction_journal" VALUES(22,2,24);
INSERT INTO "category_transaction_journal" VALUES(23,1,25);
INSERT INTO "category_transaction_journal" VALUES(24,2,26);
INSERT INTO "category_transaction_journal" VALUES(25,1,27);
INSERT INTO "category_transaction_journal" VALUES(26,2,28);
INSERT INTO "category_transaction_journal" VALUES(27,1,29);
INSERT INTO "category_transaction_journal" VALUES(28,2,30);
INSERT INTO "category_transaction_journal" VALUES(29,1,31);
INSERT INTO "category_transaction_journal" VALUES(30,3,34);
INSERT INTO "category_transaction_journal" VALUES(31,3,35);
INSERT INTO "category_transaction_journal" VALUES(32,3,36);
INSERT INTO "category_transaction_journal" VALUES(33,2,37);
INSERT INTO "category_transaction_journal" VALUES(34,1,38);
INSERT INTO "category_transaction_journal" VALUES(35,2,39);
INSERT INTO "category_transaction_journal" VALUES(36,1,40);
INSERT INTO "category_transaction_journal" VALUES(37,2,41);
INSERT INTO "category_transaction_journal" VALUES(38,1,42);
INSERT INTO "category_transaction_journal" VALUES(39,2,43);
INSERT INTO "category_transaction_journal" VALUES(40,1,44);
INSERT INTO "category_transaction_journal" VALUES(41,2,45);
INSERT INTO "category_transaction_journal" VALUES(42,1,46);
INSERT INTO "category_transaction_journal" VALUES(43,2,47);
INSERT INTO "category_transaction_journal" VALUES(44,1,48);
INSERT INTO "category_transaction_journal" VALUES(45,2,49);
INSERT INTO "category_transaction_journal" VALUES(46,1,50);
INSERT INTO "category_transaction_journal" VALUES(47,2,51);
INSERT INTO "category_transaction_journal" VALUES(48,1,52);
INSERT INTO "category_transaction_journal" VALUES(49,2,53);
INSERT INTO "category_transaction_journal" VALUES(50,1,54);
INSERT INTO "category_transaction_journal" VALUES(51,2,55);
INSERT INTO "category_transaction_journal" VALUES(52,1,56);
INSERT INTO "category_transaction_journal" VALUES(53,2,57);
INSERT INTO "category_transaction_journal" VALUES(54,1,58);
INSERT INTO "category_transaction_journal" VALUES(55,2,59);
INSERT INTO "category_transaction_journal" VALUES(56,1,60);
INSERT INTO "category_transaction_journal" VALUES(57,2,61);
INSERT INTO "category_transaction_journal" VALUES(58,1,62);
INSERT INTO "category_transaction_journal" VALUES(59,3,65);
INSERT INTO "category_transaction_journal" VALUES(60,3,66);
INSERT INTO "category_transaction_journal" VALUES(61,3,67);
INSERT INTO "category_transaction_journal" VALUES(62,2,68);
INSERT INTO "category_transaction_journal" VALUES(63,1,69);
INSERT INTO "category_transaction_journal" VALUES(64,2,70);
INSERT INTO "category_transaction_journal" VALUES(65,1,71);
INSERT INTO "category_transaction_journal" VALUES(66,2,72);
INSERT INTO "category_transaction_journal" VALUES(67,1,73);
INSERT INTO "category_transaction_journal" VALUES(68,2,74);
INSERT INTO "category_transaction_journal" VALUES(69,1,75);
INSERT INTO "category_transaction_journal" VALUES(70,2,76);
INSERT INTO "category_transaction_journal" VALUES(71,1,77);
INSERT INTO "category_transaction_journal" VALUES(72,2,78);
INSERT INTO "category_transaction_journal" VALUES(73,1,79);
INSERT INTO "category_transaction_journal" VALUES(74,2,80);
INSERT INTO "category_transaction_journal" VALUES(75,1,81);
INSERT INTO "category_transaction_journal" VALUES(76,2,82);
INSERT INTO "category_transaction_journal" VALUES(77,1,83);
INSERT INTO "category_transaction_journal" VALUES(78,2,84);
INSERT INTO "category_transaction_journal" VALUES(79,1,85);
INSERT INTO "category_transaction_journal" VALUES(80,2,86);
INSERT INTO "category_transaction_journal" VALUES(81,1,87);
INSERT INTO "category_transaction_journal" VALUES(82,2,88);
INSERT INTO "category_transaction_journal" VALUES(83,1,89);
INSERT INTO "category_transaction_journal" VALUES(84,2,90);
INSERT INTO "category_transaction_journal" VALUES(85,1,91);
INSERT INTO "category_transaction_journal" VALUES(86,2,92);
INSERT INTO "category_transaction_journal" VALUES(87,1,93);
INSERT INTO "category_transaction_journal" VALUES(88,3,96);
INSERT INTO "category_transaction_journal" VALUES(89,3,97);
INSERT INTO "category_transaction_journal" VALUES(90,3,98);
INSERT INTO "category_transaction_journal" VALUES(91,2,99);
INSERT INTO "category_transaction_journal" VALUES(92,1,100);
INSERT INTO "category_transaction_journal" VALUES(93,2,101);
INSERT INTO "category_transaction_journal" VALUES(94,1,102);
INSERT INTO "category_transaction_journal" VALUES(95,2,103);
INSERT INTO "category_transaction_journal" VALUES(96,1,104);
INSERT INTO "category_transaction_journal" VALUES(97,2,105);
INSERT INTO "category_transaction_journal" VALUES(98,1,106);
INSERT INTO "category_transaction_journal" VALUES(99,2,107);
INSERT INTO "category_transaction_journal" VALUES(100,1,108);
INSERT INTO "category_transaction_journal" VALUES(101,2,109);
INSERT INTO "category_transaction_journal" VALUES(102,1,110);
INSERT INTO "category_transaction_journal" VALUES(103,2,111);
INSERT INTO "category_transaction_journal" VALUES(104,1,112);
INSERT INTO "category_transaction_journal" VALUES(105,2,113);
INSERT INTO "category_transaction_journal" VALUES(106,1,114);
INSERT INTO "category_transaction_journal" VALUES(107,2,115);
INSERT INTO "category_transaction_journal" VALUES(108,1,116);
INSERT INTO "category_transaction_journal" VALUES(109,2,117);
INSERT INTO "category_transaction_journal" VALUES(110,1,118);
INSERT INTO "category_transaction_journal" VALUES(111,2,119);
INSERT INTO "category_transaction_journal" VALUES(112,1,120);
INSERT INTO "category_transaction_journal" VALUES(113,2,121);
INSERT INTO "category_transaction_journal" VALUES(114,1,122);
INSERT INTO "category_transaction_journal" VALUES(115,2,123);
INSERT INTO "category_transaction_journal" VALUES(116,1,124);
INSERT INTO "category_transaction_journal" VALUES(117,3,127);
INSERT INTO "category_transaction_journal" VALUES(118,3,128);
INSERT INTO "category_transaction_journal" VALUES(119,3,129);
INSERT INTO "category_transaction_journal" VALUES(120,2,130);
INSERT INTO "category_transaction_journal" VALUES(121,1,131);
INSERT INTO "category_transaction_journal" VALUES(122,2,132);
INSERT INTO "category_transaction_journal" VALUES(123,1,133);
INSERT INTO "category_transaction_journal" VALUES(124,2,134);
INSERT INTO "category_transaction_journal" VALUES(125,1,135);
INSERT INTO "category_transaction_journal" VALUES(126,2,136);
INSERT INTO "category_transaction_journal" VALUES(127,1,137);
INSERT INTO "category_transaction_journal" VALUES(128,2,138);
INSERT INTO "category_transaction_journal" VALUES(129,1,139);
INSERT INTO "category_transaction_journal" VALUES(130,2,140);
INSERT INTO "category_transaction_journal" VALUES(131,1,141);
INSERT INTO "category_transaction_journal" VALUES(132,2,142);
INSERT INTO "category_transaction_journal" VALUES(133,1,143);
INSERT INTO "category_transaction_journal" VALUES(134,2,144);
INSERT INTO "category_transaction_journal" VALUES(135,1,145);
INSERT INTO "category_transaction_journal" VALUES(136,2,146);
INSERT INTO "category_transaction_journal" VALUES(137,1,147);
INSERT INTO "category_transaction_journal" VALUES(138,2,148);
INSERT INTO "category_transaction_journal" VALUES(139,1,149);
INSERT INTO "category_transaction_journal" VALUES(140,2,150);
INSERT INTO "category_transaction_journal" VALUES(141,1,151);
INSERT INTO "category_transaction_journal" VALUES(142,2,152);
INSERT INTO "category_transaction_journal" VALUES(143,1,153);
INSERT INTO "category_transaction_journal" VALUES(144,2,154);
INSERT INTO "category_transaction_journal" VALUES(145,1,155);
INSERT INTO "category_transaction_journal" VALUES(146,3,158);
INSERT INTO "category_transaction_journal" VALUES(147,3,159);
INSERT INTO "category_transaction_journal" VALUES(148,3,160);
INSERT INTO "category_transaction_journal" VALUES(149,2,161);
INSERT INTO "category_transaction_journal" VALUES(150,1,162);
INSERT INTO "category_transaction_journal" VALUES(151,2,163);
INSERT INTO "category_transaction_journal" VALUES(152,1,164);
INSERT INTO "category_transaction_journal" VALUES(153,2,165);
INSERT INTO "category_transaction_journal" VALUES(154,1,166);
INSERT INTO "category_transaction_journal" VALUES(155,2,167);
INSERT INTO "category_transaction_journal" VALUES(156,1,168);
INSERT INTO "category_transaction_journal" VALUES(157,2,169);
INSERT INTO "category_transaction_journal" VALUES(158,1,170);
INSERT INTO "category_transaction_journal" VALUES(159,2,171);
INSERT INTO "category_transaction_journal" VALUES(160,1,172);
INSERT INTO "category_transaction_journal" VALUES(161,2,173);
INSERT INTO "category_transaction_journal" VALUES(162,1,174);
INSERT INTO "category_transaction_journal" VALUES(163,2,175);
INSERT INTO "category_transaction_journal" VALUES(164,1,176);
INSERT INTO "category_transaction_journal" VALUES(165,2,177);
INSERT INTO "category_transaction_journal" VALUES(166,1,178);
INSERT INTO "category_transaction_journal" VALUES(167,2,179);
INSERT INTO "category_transaction_journal" VALUES(168,1,180);
INSERT INTO "category_transaction_journal" VALUES(169,2,181);
INSERT INTO "category_transaction_journal" VALUES(170,1,182);
INSERT INTO "category_transaction_journal" VALUES(171,2,183);
INSERT INTO "category_transaction_journal" VALUES(172,1,184);
INSERT INTO "category_transaction_journal" VALUES(173,2,185);
INSERT INTO "category_transaction_journal" VALUES(174,1,186);
INSERT INTO "category_transaction_journal" VALUES(175,3,189);
INSERT INTO "category_transaction_journal" VALUES(176,3,190);
INSERT INTO "category_transaction_journal" VALUES(177,3,191);
INSERT INTO "category_transaction_journal" VALUES(178,2,192);
INSERT INTO "category_transaction_journal" VALUES(179,1,193);
INSERT INTO "category_transaction_journal" VALUES(180,2,194);
INSERT INTO "category_transaction_journal" VALUES(181,1,195);
INSERT INTO "category_transaction_journal" VALUES(182,2,196);
INSERT INTO "category_transaction_journal" VALUES(183,1,197);
INSERT INTO "category_transaction_journal" VALUES(184,2,198);
INSERT INTO "category_transaction_journal" VALUES(185,1,199);
INSERT INTO "category_transaction_journal" VALUES(186,2,200);
INSERT INTO "category_transaction_journal" VALUES(187,1,201);
INSERT INTO "category_transaction_journal" VALUES(188,2,202);
INSERT INTO "category_transaction_journal" VALUES(189,1,203);
INSERT INTO "category_transaction_journal" VALUES(190,2,204);
INSERT INTO "category_transaction_journal" VALUES(191,1,205);
INSERT INTO "category_transaction_journal" VALUES(192,2,206);
INSERT INTO "category_transaction_journal" VALUES(193,1,207);
INSERT INTO "category_transaction_journal" VALUES(194,2,208);
INSERT INTO "category_transaction_journal" VALUES(195,1,209);
INSERT INTO "category_transaction_journal" VALUES(196,2,210);
INSERT INTO "category_transaction_journal" VALUES(197,1,211);
INSERT INTO "category_transaction_journal" VALUES(198,2,212);
INSERT INTO "category_transaction_journal" VALUES(199,1,213);
INSERT INTO "category_transaction_journal" VALUES(200,2,214);
INSERT INTO "category_transaction_journal" VALUES(201,1,215);
INSERT INTO "category_transaction_journal" VALUES(202,2,216);
INSERT INTO "category_transaction_journal" VALUES(203,1,217);
INSERT INTO "category_transaction_journal" VALUES(204,3,220);
INSERT INTO "category_transaction_journal" VALUES(205,3,221);
INSERT INTO "category_transaction_journal" VALUES(206,3,222);
INSERT INTO "category_transaction_journal" VALUES(207,2,223);
INSERT INTO "category_transaction_journal" VALUES(208,1,224);
INSERT INTO "category_transaction_journal" VALUES(209,2,225);
INSERT INTO "category_transaction_journal" VALUES(210,1,226);
INSERT INTO "category_transaction_journal" VALUES(211,2,227);
INSERT INTO "category_transaction_journal" VALUES(212,1,228);
INSERT INTO "category_transaction_journal" VALUES(213,2,229);
INSERT INTO "category_transaction_journal" VALUES(214,1,230);
INSERT INTO "category_transaction_journal" VALUES(215,2,231);
INSERT INTO "category_transaction_journal" VALUES(216,1,232);
INSERT INTO "category_transaction_journal" VALUES(217,2,233);
INSERT INTO "category_transaction_journal" VALUES(218,1,234);
INSERT INTO "category_transaction_journal" VALUES(219,2,235);
INSERT INTO "category_transaction_journal" VALUES(220,1,236);
INSERT INTO "category_transaction_journal" VALUES(221,2,237);
INSERT INTO "category_transaction_journal" VALUES(222,1,238);
INSERT INTO "category_transaction_journal" VALUES(223,2,239);
INSERT INTO "category_transaction_journal" VALUES(224,1,240);
INSERT INTO "category_transaction_journal" VALUES(225,2,241);
INSERT INTO "category_transaction_journal" VALUES(226,1,242);
INSERT INTO "category_transaction_journal" VALUES(227,2,243);
INSERT INTO "category_transaction_journal" VALUES(228,1,244);
INSERT INTO "category_transaction_journal" VALUES(229,2,245);
INSERT INTO "category_transaction_journal" VALUES(230,1,246);
INSERT INTO "category_transaction_journal" VALUES(231,2,247);
INSERT INTO "category_transaction_journal" VALUES(232,1,248);
INSERT INTO "category_transaction_journal" VALUES(233,3,251);
INSERT INTO "category_transaction_journal" VALUES(234,3,252);
INSERT INTO "category_transaction_journal" VALUES(235,3,253);
INSERT INTO "category_transaction_journal" VALUES(236,2,254);
INSERT INTO "category_transaction_journal" VALUES(237,1,255);
INSERT INTO "category_transaction_journal" VALUES(238,2,256);
INSERT INTO "category_transaction_journal" VALUES(239,1,257);
INSERT INTO "category_transaction_journal" VALUES(240,2,258);
INSERT INTO "category_transaction_journal" VALUES(241,1,259);
INSERT INTO "category_transaction_journal" VALUES(242,2,260);
INSERT INTO "category_transaction_journal" VALUES(243,1,261);
INSERT INTO "category_transaction_journal" VALUES(244,2,262);
INSERT INTO "category_transaction_journal" VALUES(245,1,263);
INSERT INTO "category_transaction_journal" VALUES(246,2,264);
INSERT INTO "category_transaction_journal" VALUES(247,1,265);
INSERT INTO "category_transaction_journal" VALUES(248,2,266);
INSERT INTO "category_transaction_journal" VALUES(249,1,267);
INSERT INTO "category_transaction_journal" VALUES(250,2,268);
INSERT INTO "category_transaction_journal" VALUES(251,1,269);
INSERT INTO "category_transaction_journal" VALUES(252,2,270);
INSERT INTO "category_transaction_journal" VALUES(253,1,271);
INSERT INTO "category_transaction_journal" VALUES(254,2,272);
INSERT INTO "category_transaction_journal" VALUES(255,1,273);
INSERT INTO "category_transaction_journal" VALUES(256,2,274);
INSERT INTO "category_transaction_journal" VALUES(257,1,275);
INSERT INTO "category_transaction_journal" VALUES(258,2,276);
INSERT INTO "category_transaction_journal" VALUES(259,1,277);
INSERT INTO "category_transaction_journal" VALUES(260,2,278);
INSERT INTO "category_transaction_journal" VALUES(261,1,279);
INSERT INTO "category_transaction_journal" VALUES(262,3,282);
INSERT INTO "category_transaction_journal" VALUES(263,3,283);
INSERT INTO "category_transaction_journal" VALUES(264,3,284);
INSERT INTO "category_transaction_journal" VALUES(265,2,285);
INSERT INTO "category_transaction_journal" VALUES(266,1,286);
INSERT INTO "category_transaction_journal" VALUES(267,2,287);
INSERT INTO "category_transaction_journal" VALUES(268,1,288);
INSERT INTO "category_transaction_journal" VALUES(269,2,289);
INSERT INTO "category_transaction_journal" VALUES(270,1,290);
INSERT INTO "category_transaction_journal" VALUES(271,2,291);
INSERT INTO "category_transaction_journal" VALUES(272,1,292);
INSERT INTO "category_transaction_journal" VALUES(273,2,293);
INSERT INTO "category_transaction_journal" VALUES(274,1,294);
INSERT INTO "category_transaction_journal" VALUES(275,2,295);
INSERT INTO "category_transaction_journal" VALUES(276,1,296);
INSERT INTO "category_transaction_journal" VALUES(277,2,297);
INSERT INTO "category_transaction_journal" VALUES(278,1,298);
INSERT INTO "category_transaction_journal" VALUES(279,2,299);
INSERT INTO "category_transaction_journal" VALUES(280,1,300);
INSERT INTO "category_transaction_journal" VALUES(281,2,301);
INSERT INTO "category_transaction_journal" VALUES(282,1,302);
INSERT INTO "category_transaction_journal" VALUES(283,2,303);
INSERT INTO "category_transaction_journal" VALUES(284,1,304);
INSERT INTO "category_transaction_journal" VALUES(285,2,305);
INSERT INTO "category_transaction_journal" VALUES(286,1,306);
INSERT INTO "category_transaction_journal" VALUES(287,2,307);
INSERT INTO "category_transaction_journal" VALUES(288,1,308);
INSERT INTO "category_transaction_journal" VALUES(289,2,309);
INSERT INTO "category_transaction_journal" VALUES(290,1,310);
INSERT INTO "category_transaction_journal" VALUES(291,3,313);
INSERT INTO "category_transaction_journal" VALUES(292,3,314);
INSERT INTO "category_transaction_journal" VALUES(293,3,315);
INSERT INTO "category_transaction_journal" VALUES(294,2,316);
INSERT INTO "category_transaction_journal" VALUES(295,1,317);
INSERT INTO "category_transaction_journal" VALUES(296,2,318);
INSERT INTO "category_transaction_journal" VALUES(297,1,319);
INSERT INTO "category_transaction_journal" VALUES(298,2,320);
INSERT INTO "category_transaction_journal" VALUES(299,1,321);
INSERT INTO "category_transaction_journal" VALUES(300,2,322);
INSERT INTO "category_transaction_journal" VALUES(301,1,323);
INSERT INTO "category_transaction_journal" VALUES(302,2,324);
INSERT INTO "category_transaction_journal" VALUES(303,1,325);
INSERT INTO "category_transaction_journal" VALUES(304,2,326);
INSERT INTO "category_transaction_journal" VALUES(305,1,327);
INSERT INTO "category_transaction_journal" VALUES(306,2,328);
INSERT INTO "category_transaction_journal" VALUES(307,1,329);
INSERT INTO "category_transaction_journal" VALUES(308,2,330);
INSERT INTO "category_transaction_journal" VALUES(309,1,331);
INSERT INTO "category_transaction_journal" VALUES(310,2,332);
INSERT INTO "category_transaction_journal" VALUES(311,1,333);
INSERT INTO "category_transaction_journal" VALUES(312,2,334);
INSERT INTO "category_transaction_journal" VALUES(313,1,335);
INSERT INTO "category_transaction_journal" VALUES(314,2,336);
INSERT INTO "category_transaction_journal" VALUES(315,1,337);
INSERT INTO "category_transaction_journal" VALUES(316,2,338);
INSERT INTO "category_transaction_journal" VALUES(317,1,339);
INSERT INTO "category_transaction_journal" VALUES(318,2,340);
INSERT INTO "category_transaction_journal" VALUES(319,1,341);
CREATE TABLE limit_repetitions (id INTEGER NOT NULL, created_at DATETIME NOT NULL, updated_at DATETIME NOT NULL, startdate DATE NOT NULL, enddate DATE NOT NULL, amount DOUBLE PRECISION NOT NULL, budget_limit_id INTEGER NOT NULL, PRIMARY KEY(id));
CREATE TABLE transactions (id INTEGER NOT NULL, created_at DATETIME NOT NULL, updated_at DATETIME NOT NULL, deleted_at DATETIME DEFAULT NULL, account_id INTEGER NOT NULL, transaction_journal_id INTEGER NOT NULL, description VARCHAR(255) DEFAULT NULL COLLATE BINARY, amount DOUBLE PRECISION NOT NULL, PRIMARY KEY(id));
INSERT INTO "transactions" VALUES(1,'2014-12-20 09:10:09','2014-12-20 09:10:09',NULL,13,1,NULL,-4000.0);
INSERT INTO "transactions" VALUES(2,'2014-12-20 09:10:09','2014-12-20 09:10:09',NULL,1,1,NULL,4000.0);
INSERT INTO "transactions" VALUES(3,'2014-12-20 09:10:09','2014-12-20 09:10:09',NULL,14,2,NULL,-10000.0);
INSERT INTO "transactions" VALUES(4,'2014-12-20 09:10:09','2014-12-20 09:10:09',NULL,2,2,NULL,10000.0);
INSERT INTO "transactions" VALUES(5,'2014-12-20 09:10:09','2014-12-20 09:10:09',NULL,1,3,NULL,-500.0);
INSERT INTO "transactions" VALUES(6,'2014-12-20 09:10:09','2014-12-20 09:10:09',NULL,8,3,NULL,500.0);
INSERT INTO "transactions" VALUES(7,'2014-12-20 09:10:10','2014-12-20 09:10:10',NULL,1,4,NULL,-12.0);
INSERT INTO "transactions" VALUES(8,'2014-12-20 09:10:10','2014-12-20 09:10:10',NULL,6,4,NULL,12.0);
INSERT INTO "transactions" VALUES(9,'2014-12-20 09:10:10','2014-12-20 09:10:10',NULL,1,5,NULL,-110.0);
INSERT INTO "transactions" VALUES(10,'2014-12-20 09:10:10','2014-12-20 09:10:10',NULL,7,5,NULL,110.0);
INSERT INTO "transactions" VALUES(11,'2014-12-20 09:10:10','2014-12-20 09:10:10',NULL,1,6,NULL,-5.6);
INSERT INTO "transactions" VALUES(12,'2014-12-20 09:10:10','2014-12-20 09:10:10',NULL,5,6,NULL,5.6);
INSERT INTO "transactions" VALUES(13,'2014-12-20 09:10:10','2014-12-20 09:10:10',NULL,1,7,NULL,-29.7);
INSERT INTO "transactions" VALUES(14,'2014-12-20 09:10:10','2014-12-20 09:10:10',NULL,4,7,NULL,29.7);
INSERT INTO "transactions" VALUES(15,'2014-12-20 09:10:10','2014-12-20 09:10:10',NULL,1,8,NULL,-3.4);
INSERT INTO "transactions" VALUES(16,'2014-12-20 09:10:10','2014-12-20 09:10:10',NULL,5,8,NULL,3.4);
INSERT INTO "transactions" VALUES(17,'2014-12-20 09:10:10','2014-12-20 09:10:10',NULL,1,9,NULL,-15.9);
INSERT INTO "transactions" VALUES(18,'2014-12-20 09:10:10','2014-12-20 09:10:10',NULL,4,9,NULL,15.9);
INSERT INTO "transactions" VALUES(19,'2014-12-20 09:10:10','2014-12-20 09:10:10',NULL,1,10,NULL,-3.2);
INSERT INTO "transactions" VALUES(20,'2014-12-20 09:10:10','2014-12-20 09:10:10',NULL,5,10,NULL,3.2);
INSERT INTO "transactions" VALUES(21,'2014-12-20 09:10:10','2014-12-20 09:10:10',NULL,1,11,NULL,-19.5);
INSERT INTO "transactions" VALUES(22,'2014-12-20 09:10:10','2014-12-20 09:10:10',NULL,4,11,NULL,19.5);
INSERT INTO "transactions" VALUES(23,'2014-12-20 09:10:10','2014-12-20 09:10:10',NULL,1,12,NULL,-4.9);
INSERT INTO "transactions" VALUES(24,'2014-12-20 09:10:10','2014-12-20 09:10:10',NULL,5,12,NULL,4.9);
INSERT INTO "transactions" VALUES(25,'2014-12-20 09:10:10','2014-12-20 09:10:10',NULL,1,13,NULL,-15.1);
INSERT INTO "transactions" VALUES(26,'2014-12-20 09:10:10','2014-12-20 09:10:10',NULL,4,13,NULL,15.1);
INSERT INTO "transactions" VALUES(27,'2014-12-20 09:10:10','2014-12-20 09:10:10',NULL,1,14,NULL,-6.0);
INSERT INTO "transactions" VALUES(28,'2014-12-20 09:10:10','2014-12-20 09:10:10',NULL,5,14,NULL,6.0);
INSERT INTO "transactions" VALUES(29,'2014-12-20 09:10:10','2014-12-20 09:10:10',NULL,1,15,NULL,-12.9);
INSERT INTO "transactions" VALUES(30,'2014-12-20 09:10:10','2014-12-20 09:10:10',NULL,4,15,NULL,12.9);
INSERT INTO "transactions" VALUES(31,'2014-12-20 09:10:10','2014-12-20 09:10:10',NULL,1,16,NULL,-5.5);
INSERT INTO "transactions" VALUES(32,'2014-12-20 09:10:10','2014-12-20 09:10:10',NULL,5,16,NULL,5.5);
INSERT INTO "transactions" VALUES(33,'2014-12-20 09:10:10','2014-12-20 09:10:10',NULL,1,17,NULL,-13.5);
INSERT INTO "transactions" VALUES(34,'2014-12-20 09:10:10','2014-12-20 09:10:10',NULL,4,17,NULL,13.5);
INSERT INTO "transactions" VALUES(35,'2014-12-20 09:10:10','2014-12-20 09:10:10',NULL,1,18,NULL,-3.6);
INSERT INTO "transactions" VALUES(36,'2014-12-20 09:10:10','2014-12-20 09:10:10',NULL,5,18,NULL,3.6);
INSERT INTO "transactions" VALUES(37,'2014-12-20 09:10:10','2014-12-20 09:10:10',NULL,1,19,NULL,-23.4);
INSERT INTO "transactions" VALUES(38,'2014-12-20 09:10:10','2014-12-20 09:10:10',NULL,4,19,NULL,23.4);
INSERT INTO "transactions" VALUES(39,'2014-12-20 09:10:10','2014-12-20 09:10:10',NULL,1,20,NULL,-3.0);
INSERT INTO "transactions" VALUES(40,'2014-12-20 09:10:10','2014-12-20 09:10:10',NULL,5,20,NULL,3.0);
INSERT INTO "transactions" VALUES(41,'2014-12-20 09:10:10','2014-12-20 09:10:10',NULL,1,21,NULL,-10.7);
INSERT INTO "transactions" VALUES(42,'2014-12-20 09:10:10','2014-12-20 09:10:10',NULL,4,21,NULL,10.7);
INSERT INTO "transactions" VALUES(43,'2014-12-20 09:10:10','2014-12-20 09:10:10',NULL,1,22,NULL,-5.7);
INSERT INTO "transactions" VALUES(44,'2014-12-20 09:10:10','2014-12-20 09:10:10',NULL,5,22,NULL,5.7);
INSERT INTO "transactions" VALUES(45,'2014-12-20 09:10:10','2014-12-20 09:10:10',NULL,1,23,NULL,-15.0);
INSERT INTO "transactions" VALUES(46,'2014-12-20 09:10:10','2014-12-20 09:10:10',NULL,4,23,NULL,15.0);
INSERT INTO "transactions" VALUES(47,'2014-12-20 09:10:10','2014-12-20 09:10:10',NULL,1,24,NULL,-5.7);
INSERT INTO "transactions" VALUES(48,'2014-12-20 09:10:10','2014-12-20 09:10:10',NULL,5,24,NULL,5.7);
INSERT INTO "transactions" VALUES(49,'2014-12-20 09:10:10','2014-12-20 09:10:10',NULL,1,25,NULL,-25.0);
INSERT INTO "transactions" VALUES(50,'2014-12-20 09:10:10','2014-12-20 09:10:10',NULL,4,25,NULL,25.0);
INSERT INTO "transactions" VALUES(51,'2014-12-20 09:10:10','2014-12-20 09:10:10',NULL,1,26,NULL,-5.9);
INSERT INTO "transactions" VALUES(52,'2014-12-20 09:10:10','2014-12-20 09:10:10',NULL,5,26,NULL,5.9);
INSERT INTO "transactions" VALUES(53,'2014-12-20 09:10:10','2014-12-20 09:10:10',NULL,1,27,NULL,-14.9);
INSERT INTO "transactions" VALUES(54,'2014-12-20 09:10:10','2014-12-20 09:10:10',NULL,4,27,NULL,14.9);
INSERT INTO "transactions" VALUES(55,'2014-12-20 09:10:10','2014-12-20 09:10:10',NULL,1,28,NULL,-4.0);
INSERT INTO "transactions" VALUES(56,'2014-12-20 09:10:10','2014-12-20 09:10:10',NULL,5,28,NULL,4.0);
INSERT INTO "transactions" VALUES(57,'2014-12-20 09:10:10','2014-12-20 09:10:10',NULL,1,29,NULL,-20.1);
INSERT INTO "transactions" VALUES(58,'2014-12-20 09:10:10','2014-12-20 09:10:10',NULL,4,29,NULL,20.1);
INSERT INTO "transactions" VALUES(59,'2014-12-20 09:10:10','2014-12-20 09:10:10',NULL,1,30,NULL,-5.8);
INSERT INTO "transactions" VALUES(60,'2014-12-20 09:10:10','2014-12-20 09:10:10',NULL,5,30,NULL,5.8);
INSERT INTO "transactions" VALUES(61,'2014-12-20 09:10:10','2014-12-20 09:10:10',NULL,1,31,NULL,-19.0);
INSERT INTO "transactions" VALUES(62,'2014-12-20 09:10:10','2014-12-20 09:10:10',NULL,4,31,NULL,19.0);
INSERT INTO "transactions" VALUES(63,'2014-12-20 09:10:10','2014-12-20 09:10:10',NULL,10,32,NULL,-1546.0);
INSERT INTO "transactions" VALUES(64,'2014-12-20 09:10:10','2014-12-20 09:10:10',NULL,1,32,NULL,1546.0);
INSERT INTO "transactions" VALUES(65,'2014-12-20 09:10:10','2014-12-20 09:10:10',NULL,1,33,NULL,-69.0);
INSERT INTO "transactions" VALUES(66,'2014-12-20 09:10:10','2014-12-20 09:10:10',NULL,11,33,NULL,69.0);
INSERT INTO "transactions" VALUES(67,'2014-12-20 09:10:10','2014-12-20 09:10:10',NULL,1,34,NULL,-500.0);
INSERT INTO "transactions" VALUES(68,'2014-12-20 09:10:10','2014-12-20 09:10:10',NULL,8,34,NULL,500.0);
INSERT INTO "transactions" VALUES(69,'2014-12-20 09:10:10','2014-12-20 09:10:10',NULL,1,35,NULL,-12.0);
INSERT INTO "transactions" VALUES(70,'2014-12-20 09:10:10','2014-12-20 09:10:10',NULL,6,35,NULL,12.0);
INSERT INTO "transactions" VALUES(71,'2014-12-20 09:10:10','2014-12-20 09:10:10',NULL,1,36,NULL,-110.0);
INSERT INTO "transactions" VALUES(72,'2014-12-20 09:10:10','2014-12-20 09:10:10',NULL,7,36,NULL,110.0);
INSERT INTO "transactions" VALUES(73,'2014-12-20 09:10:10','2014-12-20 09:10:10',NULL,1,37,NULL,-4.2);
INSERT INTO "transactions" VALUES(74,'2014-12-20 09:10:10','2014-12-20 09:10:10',NULL,5,37,NULL,4.2);
INSERT INTO "transactions" VALUES(75,'2014-12-20 09:10:10','2014-12-20 09:10:10',NULL,1,38,NULL,-20.4);
INSERT INTO "transactions" VALUES(76,'2014-12-20 09:10:10','2014-12-20 09:10:10',NULL,4,38,NULL,20.4);
INSERT INTO "transactions" VALUES(77,'2014-12-20 09:10:10','2014-12-20 09:10:10',NULL,1,39,NULL,-4.5);
INSERT INTO "transactions" VALUES(78,'2014-12-20 09:10:11','2014-12-20 09:10:11',NULL,5,39,NULL,4.5);
INSERT INTO "transactions" VALUES(79,'2014-12-20 09:10:11','2014-12-20 09:10:11',NULL,1,40,NULL,-22.8);
INSERT INTO "transactions" VALUES(80,'2014-12-20 09:10:11','2014-12-20 09:10:11',NULL,4,40,NULL,22.8);
INSERT INTO "transactions" VALUES(81,'2014-12-20 09:10:11','2014-12-20 09:10:11',NULL,1,41,NULL,-5.9);
INSERT INTO "transactions" VALUES(82,'2014-12-20 09:10:11','2014-12-20 09:10:11',NULL,5,41,NULL,5.9);
INSERT INTO "transactions" VALUES(83,'2014-12-20 09:10:11','2014-12-20 09:10:11',NULL,1,42,NULL,-15.3);
INSERT INTO "transactions" VALUES(84,'2014-12-20 09:10:11','2014-12-20 09:10:11',NULL,4,42,NULL,15.3);
INSERT INTO "transactions" VALUES(85,'2014-12-20 09:10:11','2014-12-20 09:10:11',NULL,1,43,NULL,-5.2);
INSERT INTO "transactions" VALUES(86,'2014-12-20 09:10:11','2014-12-20 09:10:11',NULL,5,43,NULL,5.2);
INSERT INTO "transactions" VALUES(87,'2014-12-20 09:10:11','2014-12-20 09:10:11',NULL,1,44,NULL,-23.2);
INSERT INTO "transactions" VALUES(88,'2014-12-20 09:10:11','2014-12-20 09:10:11',NULL,4,44,NULL,23.2);
INSERT INTO "transactions" VALUES(89,'2014-12-20 09:10:11','2014-12-20 09:10:11',NULL,1,45,NULL,-5.8);
INSERT INTO "transactions" VALUES(90,'2014-12-20 09:10:11','2014-12-20 09:10:11',NULL,5,45,NULL,5.8);
INSERT INTO "transactions" VALUES(91,'2014-12-20 09:10:11','2014-12-20 09:10:11',NULL,1,46,NULL,-10.0);
INSERT INTO "transactions" VALUES(92,'2014-12-20 09:10:11','2014-12-20 09:10:11',NULL,4,46,NULL,10.0);
INSERT INTO "transactions" VALUES(93,'2014-12-20 09:10:11','2014-12-20 09:10:11',NULL,1,47,NULL,-3.4);
INSERT INTO "transactions" VALUES(94,'2014-12-20 09:10:11','2014-12-20 09:10:11',NULL,5,47,NULL,3.4);
INSERT INTO "transactions" VALUES(95,'2014-12-20 09:10:11','2014-12-20 09:10:11',NULL,1,48,NULL,-17.6);
INSERT INTO "transactions" VALUES(96,'2014-12-20 09:10:11','2014-12-20 09:10:11',NULL,4,48,NULL,17.6);
INSERT INTO "transactions" VALUES(97,'2014-12-20 09:10:11','2014-12-20 09:10:11',NULL,1,49,NULL,-4.7);
INSERT INTO "transactions" VALUES(98,'2014-12-20 09:10:11','2014-12-20 09:10:11',NULL,5,49,NULL,4.7);
INSERT INTO "transactions" VALUES(99,'2014-12-20 09:10:11','2014-12-20 09:10:11',NULL,1,50,NULL,-27.8);
INSERT INTO "transactions" VALUES(100,'2014-12-20 09:10:11','2014-12-20 09:10:11',NULL,4,50,NULL,27.8);
INSERT INTO "transactions" VALUES(101,'2014-12-20 09:10:11','2014-12-20 09:10:11',NULL,1,51,NULL,-4.7);
INSERT INTO "transactions" VALUES(102,'2014-12-20 09:10:11','2014-12-20 09:10:11',NULL,5,51,NULL,4.7);
INSERT INTO "transactions" VALUES(103,'2014-12-20 09:10:11','2014-12-20 09:10:11',NULL,1,52,NULL,-29.7);
INSERT INTO "transactions" VALUES(104,'2014-12-20 09:10:11','2014-12-20 09:10:11',NULL,4,52,NULL,29.7);
INSERT INTO "transactions" VALUES(105,'2014-12-20 09:10:11','2014-12-20 09:10:11',NULL,1,53,NULL,-3.0);
INSERT INTO "transactions" VALUES(106,'2014-12-20 09:10:11','2014-12-20 09:10:11',NULL,5,53,NULL,3.0);
INSERT INTO "transactions" VALUES(107,'2014-12-20 09:10:11','2014-12-20 09:10:11',NULL,1,54,NULL,-25.5);
INSERT INTO "transactions" VALUES(108,'2014-12-20 09:10:11','2014-12-20 09:10:11',NULL,4,54,NULL,25.5);
INSERT INTO "transactions" VALUES(109,'2014-12-20 09:10:11','2014-12-20 09:10:11',NULL,1,55,NULL,-3.0);
INSERT INTO "transactions" VALUES(110,'2014-12-20 09:10:11','2014-12-20 09:10:11',NULL,5,55,NULL,3.0);
INSERT INTO "transactions" VALUES(111,'2014-12-20 09:10:11','2014-12-20 09:10:11',NULL,1,56,NULL,-21.6);
INSERT INTO "transactions" VALUES(112,'2014-12-20 09:10:11','2014-12-20 09:10:11',NULL,4,56,NULL,21.6);
INSERT INTO "transactions" VALUES(113,'2014-12-20 09:10:11','2014-12-20 09:10:11',NULL,1,57,NULL,-4.0);
INSERT INTO "transactions" VALUES(114,'2014-12-20 09:10:11','2014-12-20 09:10:11',NULL,5,57,NULL,4.0);
INSERT INTO "transactions" VALUES(115,'2014-12-20 09:10:11','2014-12-20 09:10:11',NULL,1,58,NULL,-28.4);
INSERT INTO "transactions" VALUES(116,'2014-12-20 09:10:11','2014-12-20 09:10:11',NULL,4,58,NULL,28.4);
INSERT INTO "transactions" VALUES(117,'2014-12-20 09:10:11','2014-12-20 09:10:11',NULL,1,59,NULL,-3.4);
INSERT INTO "transactions" VALUES(118,'2014-12-20 09:10:11','2014-12-20 09:10:11',NULL,5,59,NULL,3.4);
INSERT INTO "transactions" VALUES(119,'2014-12-20 09:10:11','2014-12-20 09:10:11',NULL,1,60,NULL,-28.5);
INSERT INTO "transactions" VALUES(120,'2014-12-20 09:10:11','2014-12-20 09:10:11',NULL,4,60,NULL,28.5);
INSERT INTO "transactions" VALUES(121,'2014-12-20 09:10:11','2014-12-20 09:10:11',NULL,1,61,NULL,-4.3);
INSERT INTO "transactions" VALUES(122,'2014-12-20 09:10:11','2014-12-20 09:10:11',NULL,5,61,NULL,4.3);
INSERT INTO "transactions" VALUES(123,'2014-12-20 09:10:11','2014-12-20 09:10:11',NULL,1,62,NULL,-15.5);
INSERT INTO "transactions" VALUES(124,'2014-12-20 09:10:11','2014-12-20 09:10:11',NULL,4,62,NULL,15.5);
INSERT INTO "transactions" VALUES(125,'2014-12-20 09:10:11','2014-12-20 09:10:11',NULL,10,63,NULL,-1500.0);
INSERT INTO "transactions" VALUES(126,'2014-12-20 09:10:11','2014-12-20 09:10:11',NULL,1,63,NULL,1500.0);
INSERT INTO "transactions" VALUES(127,'2014-12-20 09:10:11','2014-12-20 09:10:11',NULL,1,64,NULL,-65.0);
INSERT INTO "transactions" VALUES(128,'2014-12-20 09:10:11','2014-12-20 09:10:11',NULL,11,64,NULL,65.0);
INSERT INTO "transactions" VALUES(129,'2014-12-20 09:10:11','2014-12-20 09:10:11',NULL,1,65,NULL,-500.0);
INSERT INTO "transactions" VALUES(130,'2014-12-20 09:10:11','2014-12-20 09:10:11',NULL,8,65,NULL,500.0);
INSERT INTO "transactions" VALUES(131,'2014-12-20 09:10:11','2014-12-20 09:10:11',NULL,1,66,NULL,-12.0);
INSERT INTO "transactions" VALUES(132,'2014-12-20 09:10:11','2014-12-20 09:10:11',NULL,6,66,NULL,12.0);
INSERT INTO "transactions" VALUES(133,'2014-12-20 09:10:11','2014-12-20 09:10:11',NULL,1,67,NULL,-110.0);
INSERT INTO "transactions" VALUES(134,'2014-12-20 09:10:11','2014-12-20 09:10:11',NULL,7,67,NULL,110.0);
INSERT INTO "transactions" VALUES(135,'2014-12-20 09:10:11','2014-12-20 09:10:11',NULL,1,68,NULL,-3.7);
INSERT INTO "transactions" VALUES(136,'2014-12-20 09:10:11','2014-12-20 09:10:11',NULL,5,68,NULL,3.7);
INSERT INTO "transactions" VALUES(137,'2014-12-20 09:10:11','2014-12-20 09:10:11',NULL,1,69,NULL,-17.2);
INSERT INTO "transactions" VALUES(138,'2014-12-20 09:10:11','2014-12-20 09:10:11',NULL,4,69,NULL,17.2);
INSERT INTO "transactions" VALUES(139,'2014-12-20 09:10:11','2014-12-20 09:10:11',NULL,1,70,NULL,-5.7);
INSERT INTO "transactions" VALUES(140,'2014-12-20 09:10:11','2014-12-20 09:10:11',NULL,5,70,NULL,5.7);
INSERT INTO "transactions" VALUES(141,'2014-12-20 09:10:11','2014-12-20 09:10:11',NULL,1,71,NULL,-22.8);
INSERT INTO "transactions" VALUES(142,'2014-12-20 09:10:11','2014-12-20 09:10:11',NULL,4,71,NULL,22.8);
INSERT INTO "transactions" VALUES(143,'2014-12-20 09:10:11','2014-12-20 09:10:11',NULL,1,72,NULL,-3.8);
INSERT INTO "transactions" VALUES(144,'2014-12-20 09:10:11','2014-12-20 09:10:11',NULL,5,72,NULL,3.8);
INSERT INTO "transactions" VALUES(145,'2014-12-20 09:10:11','2014-12-20 09:10:11',NULL,1,73,NULL,-23.0);
INSERT INTO "transactions" VALUES(146,'2014-12-20 09:10:11','2014-12-20 09:10:11',NULL,4,73,NULL,23.0);
INSERT INTO "transactions" VALUES(147,'2014-12-20 09:10:11','2014-12-20 09:10:11',NULL,1,74,NULL,-5.8);
INSERT INTO "transactions" VALUES(148,'2014-12-20 09:10:11','2014-12-20 09:10:11',NULL,5,74,NULL,5.8);
INSERT INTO "transactions" VALUES(149,'2014-12-20 09:10:11','2014-12-20 09:10:11',NULL,1,75,NULL,-17.6);
INSERT INTO "transactions" VALUES(150,'2014-12-20 09:10:11','2014-12-20 09:10:11',NULL,4,75,NULL,17.6);
INSERT INTO "transactions" VALUES(151,'2014-12-20 09:10:11','2014-12-20 09:10:11',NULL,1,76,NULL,-3.1);
INSERT INTO "transactions" VALUES(152,'2014-12-20 09:10:11','2014-12-20 09:10:11',NULL,5,76,NULL,3.1);
INSERT INTO "transactions" VALUES(153,'2014-12-20 09:10:12','2014-12-20 09:10:12',NULL,1,77,NULL,-14.3);
INSERT INTO "transactions" VALUES(154,'2014-12-20 09:10:12','2014-12-20 09:10:12',NULL,4,77,NULL,14.3);
INSERT INTO "transactions" VALUES(155,'2014-12-20 09:10:12','2014-12-20 09:10:12',NULL,1,78,NULL,-3.6);
INSERT INTO "transactions" VALUES(156,'2014-12-20 09:10:12','2014-12-20 09:10:12',NULL,5,78,NULL,3.6);
INSERT INTO "transactions" VALUES(157,'2014-12-20 09:10:12','2014-12-20 09:10:12',NULL,1,79,NULL,-23.1);
INSERT INTO "transactions" VALUES(158,'2014-12-20 09:10:12','2014-12-20 09:10:12',NULL,4,79,NULL,23.1);
INSERT INTO "transactions" VALUES(159,'2014-12-20 09:10:12','2014-12-20 09:10:12',NULL,1,80,NULL,-3.0);
INSERT INTO "transactions" VALUES(160,'2014-12-20 09:10:12','2014-12-20 09:10:12',NULL,5,80,NULL,3.0);
INSERT INTO "transactions" VALUES(161,'2014-12-20 09:10:12','2014-12-20 09:10:12',NULL,1,81,NULL,-29.2);
INSERT INTO "transactions" VALUES(162,'2014-12-20 09:10:12','2014-12-20 09:10:12',NULL,4,81,NULL,29.2);
INSERT INTO "transactions" VALUES(163,'2014-12-20 09:10:12','2014-12-20 09:10:12',NULL,1,82,NULL,-5.6);
INSERT INTO "transactions" VALUES(164,'2014-12-20 09:10:12','2014-12-20 09:10:12',NULL,5,82,NULL,5.6);
INSERT INTO "transactions" VALUES(165,'2014-12-20 09:10:12','2014-12-20 09:10:12',NULL,1,83,NULL,-17.4);
INSERT INTO "transactions" VALUES(166,'2014-12-20 09:10:12','2014-12-20 09:10:12',NULL,4,83,NULL,17.4);
INSERT INTO "transactions" VALUES(167,'2014-12-20 09:10:12','2014-12-20 09:10:12',NULL,1,84,NULL,-4.0);
INSERT INTO "transactions" VALUES(168,'2014-12-20 09:10:12','2014-12-20 09:10:12',NULL,5,84,NULL,4.0);
INSERT INTO "transactions" VALUES(169,'2014-12-20 09:10:12','2014-12-20 09:10:12',NULL,1,85,NULL,-21.7);
INSERT INTO "transactions" VALUES(170,'2014-12-20 09:10:12','2014-12-20 09:10:12',NULL,4,85,NULL,21.7);
INSERT INTO "transactions" VALUES(171,'2014-12-20 09:10:12','2014-12-20 09:10:12',NULL,1,86,NULL,-4.1);
INSERT INTO "transactions" VALUES(172,'2014-12-20 09:10:12','2014-12-20 09:10:12',NULL,5,86,NULL,4.1);
INSERT INTO "transactions" VALUES(173,'2014-12-20 09:10:12','2014-12-20 09:10:12',NULL,1,87,NULL,-18.0);
INSERT INTO "transactions" VALUES(174,'2014-12-20 09:10:12','2014-12-20 09:10:12',NULL,4,87,NULL,18.0);
INSERT INTO "transactions" VALUES(175,'2014-12-20 09:10:12','2014-12-20 09:10:12',NULL,1,88,NULL,-6.0);
INSERT INTO "transactions" VALUES(176,'2014-12-20 09:10:12','2014-12-20 09:10:12',NULL,5,88,NULL,6.0);
INSERT INTO "transactions" VALUES(177,'2014-12-20 09:10:12','2014-12-20 09:10:12',NULL,1,89,NULL,-17.4);
INSERT INTO "transactions" VALUES(178,'2014-12-20 09:10:12','2014-12-20 09:10:12',NULL,4,89,NULL,17.4);
INSERT INTO "transactions" VALUES(179,'2014-12-20 09:10:12','2014-12-20 09:10:12',NULL,1,90,NULL,-3.8);
INSERT INTO "transactions" VALUES(180,'2014-12-20 09:10:12','2014-12-20 09:10:12',NULL,5,90,NULL,3.8);
INSERT INTO "transactions" VALUES(181,'2014-12-20 09:10:12','2014-12-20 09:10:12',NULL,1,91,NULL,-17.8);
INSERT INTO "transactions" VALUES(182,'2014-12-20 09:10:12','2014-12-20 09:10:12',NULL,4,91,NULL,17.8);
INSERT INTO "transactions" VALUES(183,'2014-12-20 09:10:12','2014-12-20 09:10:12',NULL,1,92,NULL,-3.9);
INSERT INTO "transactions" VALUES(184,'2014-12-20 09:10:12','2014-12-20 09:10:12',NULL,5,92,NULL,3.9);
INSERT INTO "transactions" VALUES(185,'2014-12-20 09:10:12','2014-12-20 09:10:12',NULL,1,93,NULL,-16.2);
INSERT INTO "transactions" VALUES(186,'2014-12-20 09:10:12','2014-12-20 09:10:12',NULL,4,93,NULL,16.2);
INSERT INTO "transactions" VALUES(187,'2014-12-20 09:10:12','2014-12-20 09:10:12',NULL,10,94,NULL,-1490.0);
INSERT INTO "transactions" VALUES(188,'2014-12-20 09:10:12','2014-12-20 09:10:12',NULL,1,94,NULL,1490.0);
INSERT INTO "transactions" VALUES(189,'2014-12-20 09:10:12','2014-12-20 09:10:12',NULL,1,95,NULL,-62.0);
INSERT INTO "transactions" VALUES(190,'2014-12-20 09:10:12','2014-12-20 09:10:12',NULL,11,95,NULL,62.0);
INSERT INTO "transactions" VALUES(191,'2014-12-20 09:10:12','2014-12-20 09:10:12',NULL,1,96,NULL,-500.0);
INSERT INTO "transactions" VALUES(192,'2014-12-20 09:10:12','2014-12-20 09:10:12',NULL,8,96,NULL,500.0);
INSERT INTO "transactions" VALUES(193,'2014-12-20 09:10:12','2014-12-20 09:10:12',NULL,1,97,NULL,-12.0);
INSERT INTO "transactions" VALUES(194,'2014-12-20 09:10:12','2014-12-20 09:10:12',NULL,6,97,NULL,12.0);
INSERT INTO "transactions" VALUES(195,'2014-12-20 09:10:12','2014-12-20 09:10:12',NULL,1,98,NULL,-110.0);
INSERT INTO "transactions" VALUES(196,'2014-12-20 09:10:12','2014-12-20 09:10:12',NULL,7,98,NULL,110.0);
INSERT INTO "transactions" VALUES(197,'2014-12-20 09:10:12','2014-12-20 09:10:12',NULL,1,99,NULL,-5.9);
INSERT INTO "transactions" VALUES(198,'2014-12-20 09:10:12','2014-12-20 09:10:12',NULL,5,99,NULL,5.9);
INSERT INTO "transactions" VALUES(199,'2014-12-20 09:10:12','2014-12-20 09:10:12',NULL,1,100,NULL,-25.0);
INSERT INTO "transactions" VALUES(200,'2014-12-20 09:10:12','2014-12-20 09:10:12',NULL,4,100,NULL,25.0);
INSERT INTO "transactions" VALUES(201,'2014-12-20 09:10:12','2014-12-20 09:10:12',NULL,1,101,NULL,-3.3);
INSERT INTO "transactions" VALUES(202,'2014-12-20 09:10:12','2014-12-20 09:10:12',NULL,5,101,NULL,3.3);
INSERT INTO "transactions" VALUES(203,'2014-12-20 09:10:12','2014-12-20 09:10:12',NULL,1,102,NULL,-16.4);
INSERT INTO "transactions" VALUES(204,'2014-12-20 09:10:12','2014-12-20 09:10:12',NULL,4,102,NULL,16.4);
INSERT INTO "transactions" VALUES(205,'2014-12-20 09:10:12','2014-12-20 09:10:12',NULL,1,103,NULL,-5.9);
INSERT INTO "transactions" VALUES(206,'2014-12-20 09:10:12','2014-12-20 09:10:12',NULL,5,103,NULL,5.9);
INSERT INTO "transactions" VALUES(207,'2014-12-20 09:10:12','2014-12-20 09:10:12',NULL,1,104,NULL,-13.6);
INSERT INTO "transactions" VALUES(208,'2014-12-20 09:10:12','2014-12-20 09:10:12',NULL,4,104,NULL,13.6);
INSERT INTO "transactions" VALUES(209,'2014-12-20 09:10:12','2014-12-20 09:10:12',NULL,1,105,NULL,-5.5);
INSERT INTO "transactions" VALUES(210,'2014-12-20 09:10:12','2014-12-20 09:10:12',NULL,5,105,NULL,5.5);
INSERT INTO "transactions" VALUES(211,'2014-12-20 09:10:12','2014-12-20 09:10:12',NULL,1,106,NULL,-29.7);
INSERT INTO "transactions" VALUES(212,'2014-12-20 09:10:12','2014-12-20 09:10:12',NULL,4,106,NULL,29.7);
INSERT INTO "transactions" VALUES(213,'2014-12-20 09:10:12','2014-12-20 09:10:12',NULL,1,107,NULL,-4.1);
INSERT INTO "transactions" VALUES(214,'2014-12-20 09:10:12','2014-12-20 09:10:12',NULL,5,107,NULL,4.1);
INSERT INTO "transactions" VALUES(215,'2014-12-20 09:10:12','2014-12-20 09:10:12',NULL,1,108,NULL,-14.7);
INSERT INTO "transactions" VALUES(216,'2014-12-20 09:10:12','2014-12-20 09:10:12',NULL,4,108,NULL,14.7);
INSERT INTO "transactions" VALUES(217,'2014-12-20 09:10:12','2014-12-20 09:10:12',NULL,1,109,NULL,-4.3);
INSERT INTO "transactions" VALUES(218,'2014-12-20 09:10:12','2014-12-20 09:10:12',NULL,5,109,NULL,4.3);
INSERT INTO "transactions" VALUES(219,'2014-12-20 09:10:12','2014-12-20 09:10:12',NULL,1,110,NULL,-24.8);
INSERT INTO "transactions" VALUES(220,'2014-12-20 09:10:12','2014-12-20 09:10:12',NULL,4,110,NULL,24.8);
INSERT INTO "transactions" VALUES(221,'2014-12-20 09:10:12','2014-12-20 09:10:12',NULL,1,111,NULL,-4.2);
INSERT INTO "transactions" VALUES(222,'2014-12-20 09:10:12','2014-12-20 09:10:12',NULL,5,111,NULL,4.2);
INSERT INTO "transactions" VALUES(223,'2014-12-20 09:10:12','2014-12-20 09:10:12',NULL,1,112,NULL,-18.1);
INSERT INTO "transactions" VALUES(224,'2014-12-20 09:10:12','2014-12-20 09:10:12',NULL,4,112,NULL,18.1);
INSERT INTO "transactions" VALUES(225,'2014-12-20 09:10:12','2014-12-20 09:10:12',NULL,1,113,NULL,-4.1);
INSERT INTO "transactions" VALUES(226,'2014-12-20 09:10:12','2014-12-20 09:10:12',NULL,5,113,NULL,4.1);
INSERT INTO "transactions" VALUES(227,'2014-12-20 09:10:13','2014-12-20 09:10:13',NULL,1,114,NULL,-23.5);
INSERT INTO "transactions" VALUES(228,'2014-12-20 09:10:13','2014-12-20 09:10:13',NULL,4,114,NULL,23.5);
INSERT INTO "transactions" VALUES(229,'2014-12-20 09:10:13','2014-12-20 09:10:13',NULL,1,115,NULL,-3.1);
INSERT INTO "transactions" VALUES(230,'2014-12-20 09:10:13','2014-12-20 09:10:13',NULL,5,115,NULL,3.1);
INSERT INTO "transactions" VALUES(231,'2014-12-20 09:10:13','2014-12-20 09:10:13',NULL,1,116,NULL,-18.5);
INSERT INTO "transactions" VALUES(232,'2014-12-20 09:10:13','2014-12-20 09:10:13',NULL,4,116,NULL,18.5);
INSERT INTO "transactions" VALUES(233,'2014-12-20 09:10:13','2014-12-20 09:10:13',NULL,1,117,NULL,-3.0);
INSERT INTO "transactions" VALUES(234,'2014-12-20 09:10:13','2014-12-20 09:10:13',NULL,5,117,NULL,3.0);
INSERT INTO "transactions" VALUES(235,'2014-12-20 09:10:13','2014-12-20 09:10:13',NULL,1,118,NULL,-14.2);
INSERT INTO "transactions" VALUES(236,'2014-12-20 09:10:13','2014-12-20 09:10:13',NULL,4,118,NULL,14.2);
INSERT INTO "transactions" VALUES(237,'2014-12-20 09:10:13','2014-12-20 09:10:13',NULL,1,119,NULL,-4.9);
INSERT INTO "transactions" VALUES(238,'2014-12-20 09:10:13','2014-12-20 09:10:13',NULL,5,119,NULL,4.9);
INSERT INTO "transactions" VALUES(239,'2014-12-20 09:10:13','2014-12-20 09:10:13',NULL,1,120,NULL,-17.8);
INSERT INTO "transactions" VALUES(240,'2014-12-20 09:10:13','2014-12-20 09:10:13',NULL,4,120,NULL,17.8);
INSERT INTO "transactions" VALUES(241,'2014-12-20 09:10:13','2014-12-20 09:10:13',NULL,1,121,NULL,-5.3);
INSERT INTO "transactions" VALUES(242,'2014-12-20 09:10:13','2014-12-20 09:10:13',NULL,5,121,NULL,5.3);
INSERT INTO "transactions" VALUES(243,'2014-12-20 09:10:13','2014-12-20 09:10:13',NULL,1,122,NULL,-17.5);
INSERT INTO "transactions" VALUES(244,'2014-12-20 09:10:13','2014-12-20 09:10:13',NULL,4,122,NULL,17.5);
INSERT INTO "transactions" VALUES(245,'2014-12-20 09:10:13','2014-12-20 09:10:13',NULL,1,123,NULL,-5.3);
INSERT INTO "transactions" VALUES(246,'2014-12-20 09:10:13','2014-12-20 09:10:13',NULL,5,123,NULL,5.3);
INSERT INTO "transactions" VALUES(247,'2014-12-20 09:10:13','2014-12-20 09:10:13',NULL,1,124,NULL,-21.9);
INSERT INTO "transactions" VALUES(248,'2014-12-20 09:10:13','2014-12-20 09:10:13',NULL,4,124,NULL,21.9);
INSERT INTO "transactions" VALUES(249,'2014-12-20 09:10:13','2014-12-20 09:10:13',NULL,10,125,NULL,-1410.0);
INSERT INTO "transactions" VALUES(250,'2014-12-20 09:10:13','2014-12-20 09:10:13',NULL,1,125,NULL,1410.0);
INSERT INTO "transactions" VALUES(251,'2014-12-20 09:10:13','2014-12-20 09:10:13',NULL,1,126,NULL,-69.0);
INSERT INTO "transactions" VALUES(252,'2014-12-20 09:10:13','2014-12-20 09:10:13',NULL,11,126,NULL,69.0);
INSERT INTO "transactions" VALUES(253,'2014-12-20 09:10:13','2014-12-20 09:10:13',NULL,1,127,NULL,-500.0);
INSERT INTO "transactions" VALUES(254,'2014-12-20 09:10:13','2014-12-20 09:10:13',NULL,8,127,NULL,500.0);
INSERT INTO "transactions" VALUES(255,'2014-12-20 09:10:13','2014-12-20 09:10:13',NULL,1,128,NULL,-12.0);
INSERT INTO "transactions" VALUES(256,'2014-12-20 09:10:13','2014-12-20 09:10:13',NULL,6,128,NULL,12.0);
INSERT INTO "transactions" VALUES(257,'2014-12-20 09:10:13','2014-12-20 09:10:13',NULL,1,129,NULL,-110.0);
INSERT INTO "transactions" VALUES(258,'2014-12-20 09:10:13','2014-12-20 09:10:13',NULL,7,129,NULL,110.0);
INSERT INTO "transactions" VALUES(259,'2014-12-20 09:10:13','2014-12-20 09:10:13',NULL,1,130,NULL,-4.5);
INSERT INTO "transactions" VALUES(260,'2014-12-20 09:10:13','2014-12-20 09:10:13',NULL,5,130,NULL,4.5);
INSERT INTO "transactions" VALUES(261,'2014-12-20 09:10:13','2014-12-20 09:10:13',NULL,1,131,NULL,-11.6);
INSERT INTO "transactions" VALUES(262,'2014-12-20 09:10:13','2014-12-20 09:10:13',NULL,4,131,NULL,11.6);
INSERT INTO "transactions" VALUES(263,'2014-12-20 09:10:13','2014-12-20 09:10:13',NULL,1,132,NULL,-5.5);
INSERT INTO "transactions" VALUES(264,'2014-12-20 09:10:13','2014-12-20 09:10:13',NULL,5,132,NULL,5.5);
INSERT INTO "transactions" VALUES(265,'2014-12-20 09:10:13','2014-12-20 09:10:13',NULL,1,133,NULL,-20.0);
INSERT INTO "transactions" VALUES(266,'2014-12-20 09:10:13','2014-12-20 09:10:13',NULL,4,133,NULL,20.0);
INSERT INTO "transactions" VALUES(267,'2014-12-20 09:10:13','2014-12-20 09:10:13',NULL,1,134,NULL,-5.5);
INSERT INTO "transactions" VALUES(268,'2014-12-20 09:10:13','2014-12-20 09:10:13',NULL,5,134,NULL,5.5);
INSERT INTO "transactions" VALUES(269,'2014-12-20 09:10:13','2014-12-20 09:10:13',NULL,1,135,NULL,-19.0);
INSERT INTO "transactions" VALUES(270,'2014-12-20 09:10:13','2014-12-20 09:10:13',NULL,4,135,NULL,19.0);
INSERT INTO "transactions" VALUES(271,'2014-12-20 09:10:13','2014-12-20 09:10:13',NULL,1,136,NULL,-4.9);
INSERT INTO "transactions" VALUES(272,'2014-12-20 09:10:13','2014-12-20 09:10:13',NULL,5,136,NULL,4.9);
INSERT INTO "transactions" VALUES(273,'2014-12-20 09:10:13','2014-12-20 09:10:13',NULL,1,137,NULL,-28.7);
INSERT INTO "transactions" VALUES(274,'2014-12-20 09:10:13','2014-12-20 09:10:13',NULL,4,137,NULL,28.7);
INSERT INTO "transactions" VALUES(275,'2014-12-20 09:10:13','2014-12-20 09:10:13',NULL,1,138,NULL,-5.8);
INSERT INTO "transactions" VALUES(276,'2014-12-20 09:10:13','2014-12-20 09:10:13',NULL,5,138,NULL,5.8);
INSERT INTO "transactions" VALUES(277,'2014-12-20 09:10:13','2014-12-20 09:10:13',NULL,1,139,NULL,-25.6);
INSERT INTO "transactions" VALUES(278,'2014-12-20 09:10:13','2014-12-20 09:10:13',NULL,4,139,NULL,25.6);
INSERT INTO "transactions" VALUES(279,'2014-12-20 09:10:13','2014-12-20 09:10:13',NULL,1,140,NULL,-3.0);
INSERT INTO "transactions" VALUES(280,'2014-12-20 09:10:13','2014-12-20 09:10:13',NULL,5,140,NULL,3.0);
INSERT INTO "transactions" VALUES(281,'2014-12-20 09:10:13','2014-12-20 09:10:13',NULL,1,141,NULL,-19.1);
INSERT INTO "transactions" VALUES(282,'2014-12-20 09:10:13','2014-12-20 09:10:13',NULL,4,141,NULL,19.1);
INSERT INTO "transactions" VALUES(283,'2014-12-20 09:10:13','2014-12-20 09:10:13',NULL,1,142,NULL,-3.6);
INSERT INTO "transactions" VALUES(284,'2014-12-20 09:10:13','2014-12-20 09:10:13',NULL,5,142,NULL,3.6);
INSERT INTO "transactions" VALUES(285,'2014-12-20 09:10:13','2014-12-20 09:10:13',NULL,1,143,NULL,-15.6);
INSERT INTO "transactions" VALUES(286,'2014-12-20 09:10:13','2014-12-20 09:10:13',NULL,4,143,NULL,15.6);
INSERT INTO "transactions" VALUES(287,'2014-12-20 09:10:13','2014-12-20 09:10:13',NULL,1,144,NULL,-5.1);
INSERT INTO "transactions" VALUES(288,'2014-12-20 09:10:13','2014-12-20 09:10:13',NULL,5,144,NULL,5.1);
INSERT INTO "transactions" VALUES(289,'2014-12-20 09:10:13','2014-12-20 09:10:13',NULL,1,145,NULL,-19.3);
INSERT INTO "transactions" VALUES(290,'2014-12-20 09:10:13','2014-12-20 09:10:13',NULL,4,145,NULL,19.3);
INSERT INTO "transactions" VALUES(291,'2014-12-20 09:10:13','2014-12-20 09:10:13',NULL,1,146,NULL,-3.4);
INSERT INTO "transactions" VALUES(292,'2014-12-20 09:10:13','2014-12-20 09:10:13',NULL,5,146,NULL,3.4);
INSERT INTO "transactions" VALUES(293,'2014-12-20 09:10:13','2014-12-20 09:10:13',NULL,1,147,NULL,-21.8);
INSERT INTO "transactions" VALUES(294,'2014-12-20 09:10:13','2014-12-20 09:10:13',NULL,4,147,NULL,21.8);
INSERT INTO "transactions" VALUES(295,'2014-12-20 09:10:13','2014-12-20 09:10:13',NULL,1,148,NULL,-3.0);
INSERT INTO "transactions" VALUES(296,'2014-12-20 09:10:13','2014-12-20 09:10:13',NULL,5,148,NULL,3.0);
INSERT INTO "transactions" VALUES(297,'2014-12-20 09:10:13','2014-12-20 09:10:13',NULL,1,149,NULL,-11.0);
INSERT INTO "transactions" VALUES(298,'2014-12-20 09:10:13','2014-12-20 09:10:13',NULL,4,149,NULL,11.0);
INSERT INTO "transactions" VALUES(299,'2014-12-20 09:10:13','2014-12-20 09:10:13',NULL,1,150,NULL,-3.8);
INSERT INTO "transactions" VALUES(300,'2014-12-20 09:10:13','2014-12-20 09:10:13',NULL,5,150,NULL,3.8);
INSERT INTO "transactions" VALUES(301,'2014-12-20 09:10:13','2014-12-20 09:10:13',NULL,1,151,NULL,-13.5);
INSERT INTO "transactions" VALUES(302,'2014-12-20 09:10:13','2014-12-20 09:10:13',NULL,4,151,NULL,13.5);
INSERT INTO "transactions" VALUES(303,'2014-12-20 09:10:14','2014-12-20 09:10:14',NULL,1,152,NULL,-4.7);
INSERT INTO "transactions" VALUES(304,'2014-12-20 09:10:14','2014-12-20 09:10:14',NULL,5,152,NULL,4.7);
INSERT INTO "transactions" VALUES(305,'2014-12-20 09:10:14','2014-12-20 09:10:14',NULL,1,153,NULL,-10.5);
INSERT INTO "transactions" VALUES(306,'2014-12-20 09:10:14','2014-12-20 09:10:14',NULL,4,153,NULL,10.5);
INSERT INTO "transactions" VALUES(307,'2014-12-20 09:10:14','2014-12-20 09:10:14',NULL,1,154,NULL,-4.2);
INSERT INTO "transactions" VALUES(308,'2014-12-20 09:10:14','2014-12-20 09:10:14',NULL,5,154,NULL,4.2);
INSERT INTO "transactions" VALUES(309,'2014-12-20 09:10:14','2014-12-20 09:10:14',NULL,1,155,NULL,-27.6);
INSERT INTO "transactions" VALUES(310,'2014-12-20 09:10:14','2014-12-20 09:10:14',NULL,4,155,NULL,27.6);
INSERT INTO "transactions" VALUES(311,'2014-12-20 09:10:14','2014-12-20 09:10:14',NULL,10,156,NULL,-1467.0);
INSERT INTO "transactions" VALUES(312,'2014-12-20 09:10:14','2014-12-20 09:10:14',NULL,1,156,NULL,1467.0);
INSERT INTO "transactions" VALUES(313,'2014-12-20 09:10:14','2014-12-20 09:10:14',NULL,1,157,NULL,-59.0);
INSERT INTO "transactions" VALUES(314,'2014-12-20 09:10:14','2014-12-20 09:10:14',NULL,11,157,NULL,59.0);
INSERT INTO "transactions" VALUES(315,'2014-12-20 09:10:14','2014-12-20 09:10:14',NULL,1,158,NULL,-500.0);
INSERT INTO "transactions" VALUES(316,'2014-12-20 09:10:14','2014-12-20 09:10:14',NULL,8,158,NULL,500.0);
INSERT INTO "transactions" VALUES(317,'2014-12-20 09:10:14','2014-12-20 09:10:14',NULL,1,159,NULL,-12.0);
INSERT INTO "transactions" VALUES(318,'2014-12-20 09:10:14','2014-12-20 09:10:14',NULL,6,159,NULL,12.0);
INSERT INTO "transactions" VALUES(319,'2014-12-20 09:10:14','2014-12-20 09:10:14',NULL,1,160,NULL,-110.0);
INSERT INTO "transactions" VALUES(320,'2014-12-20 09:10:14','2014-12-20 09:10:14',NULL,7,160,NULL,110.0);
INSERT INTO "transactions" VALUES(321,'2014-12-20 09:10:14','2014-12-20 09:10:14',NULL,1,161,NULL,-4.1);
INSERT INTO "transactions" VALUES(322,'2014-12-20 09:10:14','2014-12-20 09:10:14',NULL,5,161,NULL,4.1);
INSERT INTO "transactions" VALUES(323,'2014-12-20 09:10:14','2014-12-20 09:10:14',NULL,1,162,NULL,-13.2);
INSERT INTO "transactions" VALUES(324,'2014-12-20 09:10:14','2014-12-20 09:10:14',NULL,4,162,NULL,13.2);
INSERT INTO "transactions" VALUES(325,'2014-12-20 09:10:14','2014-12-20 09:10:14',NULL,1,163,NULL,-3.7);
INSERT INTO "transactions" VALUES(326,'2014-12-20 09:10:14','2014-12-20 09:10:14',NULL,5,163,NULL,3.7);
INSERT INTO "transactions" VALUES(327,'2014-12-20 09:10:14','2014-12-20 09:10:14',NULL,1,164,NULL,-17.6);
INSERT INTO "transactions" VALUES(328,'2014-12-20 09:10:14','2014-12-20 09:10:14',NULL,4,164,NULL,17.6);
INSERT INTO "transactions" VALUES(329,'2014-12-20 09:10:14','2014-12-20 09:10:14',NULL,1,165,NULL,-5.7);
INSERT INTO "transactions" VALUES(330,'2014-12-20 09:10:14','2014-12-20 09:10:14',NULL,5,165,NULL,5.7);
INSERT INTO "transactions" VALUES(331,'2014-12-20 09:10:14','2014-12-20 09:10:14',NULL,1,166,NULL,-27.7);
INSERT INTO "transactions" VALUES(332,'2014-12-20 09:10:14','2014-12-20 09:10:14',NULL,4,166,NULL,27.7);
INSERT INTO "transactions" VALUES(333,'2014-12-20 09:10:14','2014-12-20 09:10:14',NULL,1,167,NULL,-4.0);
INSERT INTO "transactions" VALUES(334,'2014-12-20 09:10:14','2014-12-20 09:10:14',NULL,5,167,NULL,4.0);
INSERT INTO "transactions" VALUES(335,'2014-12-20 09:10:14','2014-12-20 09:10:14',NULL,1,168,NULL,-11.4);
INSERT INTO "transactions" VALUES(336,'2014-12-20 09:10:14','2014-12-20 09:10:14',NULL,4,168,NULL,11.4);
INSERT INTO "transactions" VALUES(337,'2014-12-20 09:10:14','2014-12-20 09:10:14',NULL,1,169,NULL,-3.0);
INSERT INTO "transactions" VALUES(338,'2014-12-20 09:10:14','2014-12-20 09:10:14',NULL,5,169,NULL,3.0);
INSERT INTO "transactions" VALUES(339,'2014-12-20 09:10:14','2014-12-20 09:10:14',NULL,1,170,NULL,-24.0);
INSERT INTO "transactions" VALUES(340,'2014-12-20 09:10:14','2014-12-20 09:10:14',NULL,4,170,NULL,24.0);
INSERT INTO "transactions" VALUES(341,'2014-12-20 09:10:14','2014-12-20 09:10:14',NULL,1,171,NULL,-4.4);
INSERT INTO "transactions" VALUES(342,'2014-12-20 09:10:14','2014-12-20 09:10:14',NULL,5,171,NULL,4.4);
INSERT INTO "transactions" VALUES(343,'2014-12-20 09:10:14','2014-12-20 09:10:14',NULL,1,172,NULL,-29.3);
INSERT INTO "transactions" VALUES(344,'2014-12-20 09:10:14','2014-12-20 09:10:14',NULL,4,172,NULL,29.3);
INSERT INTO "transactions" VALUES(345,'2014-12-20 09:10:14','2014-12-20 09:10:14',NULL,1,173,NULL,-4.3);
INSERT INTO "transactions" VALUES(346,'2014-12-20 09:10:14','2014-12-20 09:10:14',NULL,5,173,NULL,4.3);
INSERT INTO "transactions" VALUES(347,'2014-12-20 09:10:14','2014-12-20 09:10:14',NULL,1,174,NULL,-28.4);
INSERT INTO "transactions" VALUES(348,'2014-12-20 09:10:14','2014-12-20 09:10:14',NULL,4,174,NULL,28.4);
INSERT INTO "transactions" VALUES(349,'2014-12-20 09:10:14','2014-12-20 09:10:14',NULL,1,175,NULL,-3.6);
INSERT INTO "transactions" VALUES(350,'2014-12-20 09:10:14','2014-12-20 09:10:14',NULL,5,175,NULL,3.6);
INSERT INTO "transactions" VALUES(351,'2014-12-20 09:10:14','2014-12-20 09:10:14',NULL,1,176,NULL,-19.8);
INSERT INTO "transactions" VALUES(352,'2014-12-20 09:10:14','2014-12-20 09:10:14',NULL,4,176,NULL,19.8);
INSERT INTO "transactions" VALUES(353,'2014-12-20 09:10:14','2014-12-20 09:10:14',NULL,1,177,NULL,-5.9);
INSERT INTO "transactions" VALUES(354,'2014-12-20 09:10:14','2014-12-20 09:10:14',NULL,5,177,NULL,5.9);
INSERT INTO "transactions" VALUES(355,'2014-12-20 09:10:14','2014-12-20 09:10:14',NULL,1,178,NULL,-22.3);
INSERT INTO "transactions" VALUES(356,'2014-12-20 09:10:14','2014-12-20 09:10:14',NULL,4,178,NULL,22.3);
INSERT INTO "transactions" VALUES(357,'2014-12-20 09:10:14','2014-12-20 09:10:14',NULL,1,179,NULL,-3.6);
INSERT INTO "transactions" VALUES(358,'2014-12-20 09:10:14','2014-12-20 09:10:14',NULL,5,179,NULL,3.6);
INSERT INTO "transactions" VALUES(359,'2014-12-20 09:10:14','2014-12-20 09:10:14',NULL,1,180,NULL,-27.8);
INSERT INTO "transactions" VALUES(360,'2014-12-20 09:10:14','2014-12-20 09:10:14',NULL,4,180,NULL,27.8);
INSERT INTO "transactions" VALUES(361,'2014-12-20 09:10:14','2014-12-20 09:10:14',NULL,1,181,NULL,-5.9);
INSERT INTO "transactions" VALUES(362,'2014-12-20 09:10:14','2014-12-20 09:10:14',NULL,5,181,NULL,5.9);
INSERT INTO "transactions" VALUES(363,'2014-12-20 09:10:14','2014-12-20 09:10:14',NULL,1,182,NULL,-11.8);
INSERT INTO "transactions" VALUES(364,'2014-12-20 09:10:14','2014-12-20 09:10:14',NULL,4,182,NULL,11.8);
INSERT INTO "transactions" VALUES(365,'2014-12-20 09:10:14','2014-12-20 09:10:14',NULL,1,183,NULL,-3.8);
INSERT INTO "transactions" VALUES(366,'2014-12-20 09:10:14','2014-12-20 09:10:14',NULL,5,183,NULL,3.8);
INSERT INTO "transactions" VALUES(367,'2014-12-20 09:10:14','2014-12-20 09:10:14',NULL,1,184,NULL,-14.4);
INSERT INTO "transactions" VALUES(368,'2014-12-20 09:10:14','2014-12-20 09:10:14',NULL,4,184,NULL,14.4);
INSERT INTO "transactions" VALUES(369,'2014-12-20 09:10:14','2014-12-20 09:10:14',NULL,1,185,NULL,-3.7);
INSERT INTO "transactions" VALUES(370,'2014-12-20 09:10:14','2014-12-20 09:10:14',NULL,5,185,NULL,3.7);
INSERT INTO "transactions" VALUES(371,'2014-12-20 09:10:14','2014-12-20 09:10:14',NULL,1,186,NULL,-14.0);
INSERT INTO "transactions" VALUES(372,'2014-12-20 09:10:14','2014-12-20 09:10:14',NULL,4,186,NULL,14.0);
INSERT INTO "transactions" VALUES(373,'2014-12-20 09:10:14','2014-12-20 09:10:14',NULL,10,187,NULL,-1568.0);
INSERT INTO "transactions" VALUES(374,'2014-12-20 09:10:14','2014-12-20 09:10:14',NULL,1,187,NULL,1568.0);
INSERT INTO "transactions" VALUES(375,'2014-12-20 09:10:15','2014-12-20 09:10:15',NULL,1,188,NULL,-51.0);
INSERT INTO "transactions" VALUES(376,'2014-12-20 09:10:15','2014-12-20 09:10:15',NULL,11,188,NULL,51.0);
INSERT INTO "transactions" VALUES(377,'2014-12-20 09:10:15','2014-12-20 09:10:15',NULL,1,189,NULL,-500.0);
INSERT INTO "transactions" VALUES(378,'2014-12-20 09:10:15','2014-12-20 09:10:15',NULL,8,189,NULL,500.0);
INSERT INTO "transactions" VALUES(379,'2014-12-20 09:10:15','2014-12-20 09:10:15',NULL,1,190,NULL,-12.0);
INSERT INTO "transactions" VALUES(380,'2014-12-20 09:10:15','2014-12-20 09:10:15',NULL,6,190,NULL,12.0);
INSERT INTO "transactions" VALUES(381,'2014-12-20 09:10:15','2014-12-20 09:10:15',NULL,1,191,NULL,-110.0);
INSERT INTO "transactions" VALUES(382,'2014-12-20 09:10:15','2014-12-20 09:10:15',NULL,7,191,NULL,110.0);
INSERT INTO "transactions" VALUES(383,'2014-12-20 09:10:15','2014-12-20 09:10:15',NULL,1,192,NULL,-3.5);
INSERT INTO "transactions" VALUES(384,'2014-12-20 09:10:15','2014-12-20 09:10:15',NULL,5,192,NULL,3.5);
INSERT INTO "transactions" VALUES(385,'2014-12-20 09:10:15','2014-12-20 09:10:15',NULL,1,193,NULL,-22.9);
INSERT INTO "transactions" VALUES(386,'2014-12-20 09:10:15','2014-12-20 09:10:15',NULL,4,193,NULL,22.9);
INSERT INTO "transactions" VALUES(387,'2014-12-20 09:10:15','2014-12-20 09:10:15',NULL,1,194,NULL,-5.5);
INSERT INTO "transactions" VALUES(388,'2014-12-20 09:10:15','2014-12-20 09:10:15',NULL,5,194,NULL,5.5);
INSERT INTO "transactions" VALUES(389,'2014-12-20 09:10:15','2014-12-20 09:10:15',NULL,1,195,NULL,-21.0);
INSERT INTO "transactions" VALUES(390,'2014-12-20 09:10:15','2014-12-20 09:10:15',NULL,4,195,NULL,21.0);
INSERT INTO "transactions" VALUES(391,'2014-12-20 09:10:15','2014-12-20 09:10:15',NULL,1,196,NULL,-5.8);
INSERT INTO "transactions" VALUES(392,'2014-12-20 09:10:15','2014-12-20 09:10:15',NULL,5,196,NULL,5.8);
INSERT INTO "transactions" VALUES(393,'2014-12-20 09:10:15','2014-12-20 09:10:15',NULL,1,197,NULL,-21.2);
INSERT INTO "transactions" VALUES(394,'2014-12-20 09:10:15','2014-12-20 09:10:15',NULL,4,197,NULL,21.2);
INSERT INTO "transactions" VALUES(395,'2014-12-20 09:10:15','2014-12-20 09:10:15',NULL,1,198,NULL,-4.3);
INSERT INTO "transactions" VALUES(396,'2014-12-20 09:10:15','2014-12-20 09:10:15',NULL,5,198,NULL,4.3);
INSERT INTO "transactions" VALUES(397,'2014-12-20 09:10:15','2014-12-20 09:10:15',NULL,1,199,NULL,-10.9);
INSERT INTO "transactions" VALUES(398,'2014-12-20 09:10:15','2014-12-20 09:10:15',NULL,4,199,NULL,10.9);
INSERT INTO "transactions" VALUES(399,'2014-12-20 09:10:15','2014-12-20 09:10:15',NULL,1,200,NULL,-3.3);
INSERT INTO "transactions" VALUES(400,'2014-12-20 09:10:15','2014-12-20 09:10:15',NULL,5,200,NULL,3.3);
INSERT INTO "transactions" VALUES(401,'2014-12-20 09:10:15','2014-12-20 09:10:15',NULL,1,201,NULL,-26.2);
INSERT INTO "transactions" VALUES(402,'2014-12-20 09:10:15','2014-12-20 09:10:15',NULL,4,201,NULL,26.2);
INSERT INTO "transactions" VALUES(403,'2014-12-20 09:10:15','2014-12-20 09:10:15',NULL,1,202,NULL,-4.5);
INSERT INTO "transactions" VALUES(404,'2014-12-20 09:10:15','2014-12-20 09:10:15',NULL,5,202,NULL,4.5);
INSERT INTO "transactions" VALUES(405,'2014-12-20 09:10:15','2014-12-20 09:10:15',NULL,1,203,NULL,-25.6);
INSERT INTO "transactions" VALUES(406,'2014-12-20 09:10:15','2014-12-20 09:10:15',NULL,4,203,NULL,25.6);
INSERT INTO "transactions" VALUES(407,'2014-12-20 09:10:15','2014-12-20 09:10:15',NULL,1,204,NULL,-5.2);
INSERT INTO "transactions" VALUES(408,'2014-12-20 09:10:15','2014-12-20 09:10:15',NULL,5,204,NULL,5.2);
INSERT INTO "transactions" VALUES(409,'2014-12-20 09:10:15','2014-12-20 09:10:15',NULL,1,205,NULL,-12.4);
INSERT INTO "transactions" VALUES(410,'2014-12-20 09:10:15','2014-12-20 09:10:15',NULL,4,205,NULL,12.4);
INSERT INTO "transactions" VALUES(411,'2014-12-20 09:10:15','2014-12-20 09:10:15',NULL,1,206,NULL,-3.1);
INSERT INTO "transactions" VALUES(412,'2014-12-20 09:10:15','2014-12-20 09:10:15',NULL,5,206,NULL,3.1);
INSERT INTO "transactions" VALUES(413,'2014-12-20 09:10:15','2014-12-20 09:10:15',NULL,1,207,NULL,-29.8);
INSERT INTO "transactions" VALUES(414,'2014-12-20 09:10:15','2014-12-20 09:10:15',NULL,4,207,NULL,29.8);
INSERT INTO "transactions" VALUES(415,'2014-12-20 09:10:15','2014-12-20 09:10:15',NULL,1,208,NULL,-4.4);
INSERT INTO "transactions" VALUES(416,'2014-12-20 09:10:15','2014-12-20 09:10:15',NULL,5,208,NULL,4.4);
INSERT INTO "transactions" VALUES(417,'2014-12-20 09:10:15','2014-12-20 09:10:15',NULL,1,209,NULL,-13.2);
INSERT INTO "transactions" VALUES(418,'2014-12-20 09:10:15','2014-12-20 09:10:15',NULL,4,209,NULL,13.2);
INSERT INTO "transactions" VALUES(419,'2014-12-20 09:10:15','2014-12-20 09:10:15',NULL,1,210,NULL,-5.4);
INSERT INTO "transactions" VALUES(420,'2014-12-20 09:10:15','2014-12-20 09:10:15',NULL,5,210,NULL,5.4);
INSERT INTO "transactions" VALUES(421,'2014-12-20 09:10:15','2014-12-20 09:10:15',NULL,1,211,NULL,-14.8);
INSERT INTO "transactions" VALUES(422,'2014-12-20 09:10:15','2014-12-20 09:10:15',NULL,4,211,NULL,14.8);
INSERT INTO "transactions" VALUES(423,'2014-12-20 09:10:15','2014-12-20 09:10:15',NULL,1,212,NULL,-3.4);
INSERT INTO "transactions" VALUES(424,'2014-12-20 09:10:15','2014-12-20 09:10:15',NULL,5,212,NULL,3.4);
INSERT INTO "transactions" VALUES(425,'2014-12-20 09:10:15','2014-12-20 09:10:15',NULL,1,213,NULL,-18.7);
INSERT INTO "transactions" VALUES(426,'2014-12-20 09:10:15','2014-12-20 09:10:15',NULL,4,213,NULL,18.7);
INSERT INTO "transactions" VALUES(427,'2014-12-20 09:10:15','2014-12-20 09:10:15',NULL,1,214,NULL,-4.6);
INSERT INTO "transactions" VALUES(428,'2014-12-20 09:10:15','2014-12-20 09:10:15',NULL,5,214,NULL,4.6);
INSERT INTO "transactions" VALUES(429,'2014-12-20 09:10:15','2014-12-20 09:10:15',NULL,1,215,NULL,-29.7);
INSERT INTO "transactions" VALUES(430,'2014-12-20 09:10:15','2014-12-20 09:10:15',NULL,4,215,NULL,29.7);
INSERT INTO "transactions" VALUES(431,'2014-12-20 09:10:15','2014-12-20 09:10:15',NULL,1,216,NULL,-3.6);
INSERT INTO "transactions" VALUES(432,'2014-12-20 09:10:15','2014-12-20 09:10:15',NULL,5,216,NULL,3.6);
INSERT INTO "transactions" VALUES(433,'2014-12-20 09:10:15','2014-12-20 09:10:15',NULL,1,217,NULL,-11.3);
INSERT INTO "transactions" VALUES(434,'2014-12-20 09:10:15','2014-12-20 09:10:15',NULL,4,217,NULL,11.3);
INSERT INTO "transactions" VALUES(435,'2014-12-20 09:10:15','2014-12-20 09:10:15',NULL,10,218,NULL,-1559.0);
INSERT INTO "transactions" VALUES(436,'2014-12-20 09:10:15','2014-12-20 09:10:15',NULL,1,218,NULL,1559.0);
INSERT INTO "transactions" VALUES(437,'2014-12-20 09:10:15','2014-12-20 09:10:15',NULL,1,219,NULL,-55.0);
INSERT INTO "transactions" VALUES(438,'2014-12-20 09:10:15','2014-12-20 09:10:15',NULL,11,219,NULL,55.0);
INSERT INTO "transactions" VALUES(439,'2014-12-20 09:10:15','2014-12-20 09:10:15',NULL,1,220,NULL,-500.0);
INSERT INTO "transactions" VALUES(440,'2014-12-20 09:10:15','2014-12-20 09:10:15',NULL,8,220,NULL,500.0);
INSERT INTO "transactions" VALUES(441,'2014-12-20 09:10:15','2014-12-20 09:10:15',NULL,1,221,NULL,-12.0);
INSERT INTO "transactions" VALUES(442,'2014-12-20 09:10:15','2014-12-20 09:10:15',NULL,6,221,NULL,12.0);
INSERT INTO "transactions" VALUES(443,'2014-12-20 09:10:15','2014-12-20 09:10:15',NULL,1,222,NULL,-110.0);
INSERT INTO "transactions" VALUES(444,'2014-12-20 09:10:15','2014-12-20 09:10:15',NULL,7,222,NULL,110.0);
INSERT INTO "transactions" VALUES(445,'2014-12-20 09:10:15','2014-12-20 09:10:15',NULL,1,223,NULL,-4.9);
INSERT INTO "transactions" VALUES(446,'2014-12-20 09:10:15','2014-12-20 09:10:15',NULL,5,223,NULL,4.9);
INSERT INTO "transactions" VALUES(447,'2014-12-20 09:10:15','2014-12-20 09:10:15',NULL,1,224,NULL,-19.0);
INSERT INTO "transactions" VALUES(448,'2014-12-20 09:10:15','2014-12-20 09:10:15',NULL,4,224,NULL,19.0);
INSERT INTO "transactions" VALUES(449,'2014-12-20 09:10:15','2014-12-20 09:10:15',NULL,1,225,NULL,-3.2);
INSERT INTO "transactions" VALUES(450,'2014-12-20 09:10:15','2014-12-20 09:10:15',NULL,5,225,NULL,3.2);
INSERT INTO "transactions" VALUES(451,'2014-12-20 09:10:16','2014-12-20 09:10:16',NULL,1,226,NULL,-16.8);
INSERT INTO "transactions" VALUES(452,'2014-12-20 09:10:16','2014-12-20 09:10:16',NULL,4,226,NULL,16.8);
INSERT INTO "transactions" VALUES(453,'2014-12-20 09:10:16','2014-12-20 09:10:16',NULL,1,227,NULL,-5.7);
INSERT INTO "transactions" VALUES(454,'2014-12-20 09:10:16','2014-12-20 09:10:16',NULL,5,227,NULL,5.7);
INSERT INTO "transactions" VALUES(455,'2014-12-20 09:10:16','2014-12-20 09:10:16',NULL,1,228,NULL,-26.1);
INSERT INTO "transactions" VALUES(456,'2014-12-20 09:10:16','2014-12-20 09:10:16',NULL,4,228,NULL,26.1);
INSERT INTO "transactions" VALUES(457,'2014-12-20 09:10:16','2014-12-20 09:10:16',NULL,1,229,NULL,-4.1);
INSERT INTO "transactions" VALUES(458,'2014-12-20 09:10:16','2014-12-20 09:10:16',NULL,5,229,NULL,4.1);
INSERT INTO "transactions" VALUES(459,'2014-12-20 09:10:16','2014-12-20 09:10:16',NULL,1,230,NULL,-28.0);
INSERT INTO "transactions" VALUES(460,'2014-12-20 09:10:16','2014-12-20 09:10:16',NULL,4,230,NULL,28.0);
INSERT INTO "transactions" VALUES(461,'2014-12-20 09:10:16','2014-12-20 09:10:16',NULL,1,231,NULL,-5.9);
INSERT INTO "transactions" VALUES(462,'2014-12-20 09:10:16','2014-12-20 09:10:16',NULL,5,231,NULL,5.9);
INSERT INTO "transactions" VALUES(463,'2014-12-20 09:10:16','2014-12-20 09:10:16',NULL,1,232,NULL,-26.4);
INSERT INTO "transactions" VALUES(464,'2014-12-20 09:10:16','2014-12-20 09:10:16',NULL,4,232,NULL,26.4);
INSERT INTO "transactions" VALUES(465,'2014-12-20 09:10:16','2014-12-20 09:10:16',NULL,1,233,NULL,-4.9);
INSERT INTO "transactions" VALUES(466,'2014-12-20 09:10:16','2014-12-20 09:10:16',NULL,5,233,NULL,4.9);
INSERT INTO "transactions" VALUES(467,'2014-12-20 09:10:16','2014-12-20 09:10:16',NULL,1,234,NULL,-26.2);
INSERT INTO "transactions" VALUES(468,'2014-12-20 09:10:16','2014-12-20 09:10:16',NULL,4,234,NULL,26.2);
INSERT INTO "transactions" VALUES(469,'2014-12-20 09:10:16','2014-12-20 09:10:16',NULL,1,235,NULL,-4.8);
INSERT INTO "transactions" VALUES(470,'2014-12-20 09:10:16','2014-12-20 09:10:16',NULL,5,235,NULL,4.8);
INSERT INTO "transactions" VALUES(471,'2014-12-20 09:10:16','2014-12-20 09:10:16',NULL,1,236,NULL,-11.3);
INSERT INTO "transactions" VALUES(472,'2014-12-20 09:10:16','2014-12-20 09:10:16',NULL,4,236,NULL,11.3);
INSERT INTO "transactions" VALUES(473,'2014-12-20 09:10:16','2014-12-20 09:10:16',NULL,1,237,NULL,-3.5);
INSERT INTO "transactions" VALUES(474,'2014-12-20 09:10:16','2014-12-20 09:10:16',NULL,5,237,NULL,3.5);
INSERT INTO "transactions" VALUES(475,'2014-12-20 09:10:16','2014-12-20 09:10:16',NULL,1,238,NULL,-12.8);
INSERT INTO "transactions" VALUES(476,'2014-12-20 09:10:16','2014-12-20 09:10:16',NULL,4,238,NULL,12.8);
INSERT INTO "transactions" VALUES(477,'2014-12-20 09:10:16','2014-12-20 09:10:16',NULL,1,239,NULL,-3.3);
INSERT INTO "transactions" VALUES(478,'2014-12-20 09:10:16','2014-12-20 09:10:16',NULL,5,239,NULL,3.3);
INSERT INTO "transactions" VALUES(479,'2014-12-20 09:10:16','2014-12-20 09:10:16',NULL,1,240,NULL,-16.5);
INSERT INTO "transactions" VALUES(480,'2014-12-20 09:10:16','2014-12-20 09:10:16',NULL,4,240,NULL,16.5);
INSERT INTO "transactions" VALUES(481,'2014-12-20 09:10:16','2014-12-20 09:10:16',NULL,1,241,NULL,-4.5);
INSERT INTO "transactions" VALUES(482,'2014-12-20 09:10:16','2014-12-20 09:10:16',NULL,5,241,NULL,4.5);
INSERT INTO "transactions" VALUES(483,'2014-12-20 09:10:16','2014-12-20 09:10:16',NULL,1,242,NULL,-14.6);
INSERT INTO "transactions" VALUES(484,'2014-12-20 09:10:16','2014-12-20 09:10:16',NULL,4,242,NULL,14.6);
INSERT INTO "transactions" VALUES(485,'2014-12-20 09:10:16','2014-12-20 09:10:16',NULL,1,243,NULL,-4.4);
INSERT INTO "transactions" VALUES(486,'2014-12-20 09:10:16','2014-12-20 09:10:16',NULL,5,243,NULL,4.4);
INSERT INTO "transactions" VALUES(487,'2014-12-20 09:10:16','2014-12-20 09:10:16',NULL,1,244,NULL,-22.2);
INSERT INTO "transactions" VALUES(488,'2014-12-20 09:10:16','2014-12-20 09:10:16',NULL,4,244,NULL,22.2);
INSERT INTO "transactions" VALUES(489,'2014-12-20 09:10:16','2014-12-20 09:10:16',NULL,1,245,NULL,-3.1);
INSERT INTO "transactions" VALUES(490,'2014-12-20 09:10:16','2014-12-20 09:10:16',NULL,5,245,NULL,3.1);
INSERT INTO "transactions" VALUES(491,'2014-12-20 09:10:16','2014-12-20 09:10:16',NULL,1,246,NULL,-15.3);
INSERT INTO "transactions" VALUES(492,'2014-12-20 09:10:16','2014-12-20 09:10:16',NULL,4,246,NULL,15.3);
INSERT INTO "transactions" VALUES(493,'2014-12-20 09:10:16','2014-12-20 09:10:16',NULL,1,247,NULL,-3.7);
INSERT INTO "transactions" VALUES(494,'2014-12-20 09:10:16','2014-12-20 09:10:16',NULL,5,247,NULL,3.7);
INSERT INTO "transactions" VALUES(495,'2014-12-20 09:10:16','2014-12-20 09:10:16',NULL,1,248,NULL,-22.1);
INSERT INTO "transactions" VALUES(496,'2014-12-20 09:10:16','2014-12-20 09:10:16',NULL,4,248,NULL,22.1);
INSERT INTO "transactions" VALUES(497,'2014-12-20 09:10:16','2014-12-20 09:10:16',NULL,10,249,NULL,-1513.0);
INSERT INTO "transactions" VALUES(498,'2014-12-20 09:10:16','2014-12-20 09:10:16',NULL,1,249,NULL,1513.0);
INSERT INTO "transactions" VALUES(499,'2014-12-20 09:10:16','2014-12-20 09:10:16',NULL,1,250,NULL,-64.0);
INSERT INTO "transactions" VALUES(500,'2014-12-20 09:10:16','2014-12-20 09:10:16',NULL,11,250,NULL,64.0);
INSERT INTO "transactions" VALUES(501,'2014-12-20 09:10:16','2014-12-20 09:10:16',NULL,1,251,NULL,-500.0);
INSERT INTO "transactions" VALUES(502,'2014-12-20 09:10:16','2014-12-20 09:10:16',NULL,8,251,NULL,500.0);
INSERT INTO "transactions" VALUES(503,'2014-12-20 09:10:16','2014-12-20 09:10:16',NULL,1,252,NULL,-12.0);
INSERT INTO "transactions" VALUES(504,'2014-12-20 09:10:16','2014-12-20 09:10:16',NULL,6,252,NULL,12.0);
INSERT INTO "transactions" VALUES(505,'2014-12-20 09:10:16','2014-12-20 09:10:16',NULL,1,253,NULL,-110.0);
INSERT INTO "transactions" VALUES(506,'2014-12-20 09:10:16','2014-12-20 09:10:16',NULL,7,253,NULL,110.0);
INSERT INTO "transactions" VALUES(507,'2014-12-20 09:10:16','2014-12-20 09:10:16',NULL,1,254,NULL,-4.1);
INSERT INTO "transactions" VALUES(508,'2014-12-20 09:10:16','2014-12-20 09:10:16',NULL,5,254,NULL,4.1);
INSERT INTO "transactions" VALUES(509,'2014-12-20 09:10:16','2014-12-20 09:10:16',NULL,1,255,NULL,-19.0);
INSERT INTO "transactions" VALUES(510,'2014-12-20 09:10:16','2014-12-20 09:10:16',NULL,4,255,NULL,19.0);
INSERT INTO "transactions" VALUES(511,'2014-12-20 09:10:16','2014-12-20 09:10:16',NULL,1,256,NULL,-5.7);
INSERT INTO "transactions" VALUES(512,'2014-12-20 09:10:16','2014-12-20 09:10:16',NULL,5,256,NULL,5.7);
INSERT INTO "transactions" VALUES(513,'2014-12-20 09:10:16','2014-12-20 09:10:16',NULL,1,257,NULL,-28.8);
INSERT INTO "transactions" VALUES(514,'2014-12-20 09:10:16','2014-12-20 09:10:16',NULL,4,257,NULL,28.8);
INSERT INTO "transactions" VALUES(515,'2014-12-20 09:10:16','2014-12-20 09:10:16',NULL,1,258,NULL,-3.8);
INSERT INTO "transactions" VALUES(516,'2014-12-20 09:10:16','2014-12-20 09:10:16',NULL,5,258,NULL,3.8);
INSERT INTO "transactions" VALUES(517,'2014-12-20 09:10:16','2014-12-20 09:10:16',NULL,1,259,NULL,-29.9);
INSERT INTO "transactions" VALUES(518,'2014-12-20 09:10:16','2014-12-20 09:10:16',NULL,4,259,NULL,29.9);
INSERT INTO "transactions" VALUES(519,'2014-12-20 09:10:16','2014-12-20 09:10:16',NULL,1,260,NULL,-5.4);
INSERT INTO "transactions" VALUES(520,'2014-12-20 09:10:16','2014-12-20 09:10:16',NULL,5,260,NULL,5.4);
INSERT INTO "transactions" VALUES(521,'2014-12-20 09:10:16','2014-12-20 09:10:16',NULL,1,261,NULL,-29.9);
INSERT INTO "transactions" VALUES(522,'2014-12-20 09:10:16','2014-12-20 09:10:16',NULL,4,261,NULL,29.9);
INSERT INTO "transactions" VALUES(523,'2014-12-20 09:10:16','2014-12-20 09:10:16',NULL,1,262,NULL,-5.7);
INSERT INTO "transactions" VALUES(524,'2014-12-20 09:10:16','2014-12-20 09:10:16',NULL,5,262,NULL,5.7);
INSERT INTO "transactions" VALUES(525,'2014-12-20 09:10:16','2014-12-20 09:10:16',NULL,1,263,NULL,-13.3);
INSERT INTO "transactions" VALUES(526,'2014-12-20 09:10:16','2014-12-20 09:10:16',NULL,4,263,NULL,13.3);
INSERT INTO "transactions" VALUES(527,'2014-12-20 09:10:17','2014-12-20 09:10:17',NULL,1,264,NULL,-6.0);
INSERT INTO "transactions" VALUES(528,'2014-12-20 09:10:17','2014-12-20 09:10:17',NULL,5,264,NULL,6.0);
INSERT INTO "transactions" VALUES(529,'2014-12-20 09:10:17','2014-12-20 09:10:17',NULL,1,265,NULL,-13.1);
INSERT INTO "transactions" VALUES(530,'2014-12-20 09:10:17','2014-12-20 09:10:17',NULL,4,265,NULL,13.1);
INSERT INTO "transactions" VALUES(531,'2014-12-20 09:10:17','2014-12-20 09:10:17',NULL,1,266,NULL,-5.9);
INSERT INTO "transactions" VALUES(532,'2014-12-20 09:10:17','2014-12-20 09:10:17',NULL,5,266,NULL,5.9);
INSERT INTO "transactions" VALUES(533,'2014-12-20 09:10:17','2014-12-20 09:10:17',NULL,1,267,NULL,-26.8);
INSERT INTO "transactions" VALUES(534,'2014-12-20 09:10:17','2014-12-20 09:10:17',NULL,4,267,NULL,26.8);
INSERT INTO "transactions" VALUES(535,'2014-12-20 09:10:17','2014-12-20 09:10:17',NULL,1,268,NULL,-5.8);
INSERT INTO "transactions" VALUES(536,'2014-12-20 09:10:17','2014-12-20 09:10:17',NULL,5,268,NULL,5.8);
INSERT INTO "transactions" VALUES(537,'2014-12-20 09:10:17','2014-12-20 09:10:17',NULL,1,269,NULL,-22.3);
INSERT INTO "transactions" VALUES(538,'2014-12-20 09:10:17','2014-12-20 09:10:17',NULL,4,269,NULL,22.3);
INSERT INTO "transactions" VALUES(539,'2014-12-20 09:10:17','2014-12-20 09:10:17',NULL,1,270,NULL,-5.3);
INSERT INTO "transactions" VALUES(540,'2014-12-20 09:10:17','2014-12-20 09:10:17',NULL,5,270,NULL,5.3);
INSERT INTO "transactions" VALUES(541,'2014-12-20 09:10:17','2014-12-20 09:10:17',NULL,1,271,NULL,-21.0);
INSERT INTO "transactions" VALUES(542,'2014-12-20 09:10:17','2014-12-20 09:10:17',NULL,4,271,NULL,21.0);
INSERT INTO "transactions" VALUES(543,'2014-12-20 09:10:17','2014-12-20 09:10:17',NULL,1,272,NULL,-5.7);
INSERT INTO "transactions" VALUES(544,'2014-12-20 09:10:17','2014-12-20 09:10:17',NULL,5,272,NULL,5.7);
INSERT INTO "transactions" VALUES(545,'2014-12-20 09:10:17','2014-12-20 09:10:17',NULL,1,273,NULL,-11.9);
INSERT INTO "transactions" VALUES(546,'2014-12-20 09:10:17','2014-12-20 09:10:17',NULL,4,273,NULL,11.9);
INSERT INTO "transactions" VALUES(547,'2014-12-20 09:10:17','2014-12-20 09:10:17',NULL,1,274,NULL,-4.0);
INSERT INTO "transactions" VALUES(548,'2014-12-20 09:10:17','2014-12-20 09:10:17',NULL,5,274,NULL,4.0);
INSERT INTO "transactions" VALUES(549,'2014-12-20 09:10:17','2014-12-20 09:10:17',NULL,1,275,NULL,-27.7);
INSERT INTO "transactions" VALUES(550,'2014-12-20 09:10:17','2014-12-20 09:10:17',NULL,4,275,NULL,27.7);
INSERT INTO "transactions" VALUES(551,'2014-12-20 09:10:17','2014-12-20 09:10:17',NULL,1,276,NULL,-4.5);
INSERT INTO "transactions" VALUES(552,'2014-12-20 09:10:17','2014-12-20 09:10:17',NULL,5,276,NULL,4.5);
INSERT INTO "transactions" VALUES(553,'2014-12-20 09:10:17','2014-12-20 09:10:17',NULL,1,277,NULL,-17.2);
INSERT INTO "transactions" VALUES(554,'2014-12-20 09:10:17','2014-12-20 09:10:17',NULL,4,277,NULL,17.2);
INSERT INTO "transactions" VALUES(555,'2014-12-20 09:10:17','2014-12-20 09:10:17',NULL,1,278,NULL,-4.9);
INSERT INTO "transactions" VALUES(556,'2014-12-20 09:10:17','2014-12-20 09:10:17',NULL,5,278,NULL,4.9);
INSERT INTO "transactions" VALUES(557,'2014-12-20 09:10:17','2014-12-20 09:10:17',NULL,1,279,NULL,-26.0);
INSERT INTO "transactions" VALUES(558,'2014-12-20 09:10:17','2014-12-20 09:10:17',NULL,4,279,NULL,26.0);
INSERT INTO "transactions" VALUES(559,'2014-12-20 09:10:17','2014-12-20 09:10:17',NULL,10,280,NULL,-1507.0);
INSERT INTO "transactions" VALUES(560,'2014-12-20 09:10:17','2014-12-20 09:10:17',NULL,1,280,NULL,1507.0);
INSERT INTO "transactions" VALUES(561,'2014-12-20 09:10:17','2014-12-20 09:10:17',NULL,1,281,NULL,-58.0);
INSERT INTO "transactions" VALUES(562,'2014-12-20 09:10:17','2014-12-20 09:10:17',NULL,11,281,NULL,58.0);
INSERT INTO "transactions" VALUES(563,'2014-12-20 09:10:17','2014-12-20 09:10:17',NULL,1,282,NULL,-500.0);
INSERT INTO "transactions" VALUES(564,'2014-12-20 09:10:17','2014-12-20 09:10:17',NULL,8,282,NULL,500.0);
INSERT INTO "transactions" VALUES(565,'2014-12-20 09:10:17','2014-12-20 09:10:17',NULL,1,283,NULL,-12.0);
INSERT INTO "transactions" VALUES(566,'2014-12-20 09:10:17','2014-12-20 09:10:17',NULL,6,283,NULL,12.0);
INSERT INTO "transactions" VALUES(567,'2014-12-20 09:10:17','2014-12-20 09:10:17',NULL,1,284,NULL,-110.0);
INSERT INTO "transactions" VALUES(568,'2014-12-20 09:10:17','2014-12-20 09:10:17',NULL,7,284,NULL,110.0);
INSERT INTO "transactions" VALUES(569,'2014-12-20 09:10:17','2014-12-20 09:10:17',NULL,1,285,NULL,-3.3);
INSERT INTO "transactions" VALUES(570,'2014-12-20 09:10:17','2014-12-20 09:10:17',NULL,5,285,NULL,3.3);
INSERT INTO "transactions" VALUES(571,'2014-12-20 09:10:17','2014-12-20 09:10:17',NULL,1,286,NULL,-27.5);
INSERT INTO "transactions" VALUES(572,'2014-12-20 09:10:17','2014-12-20 09:10:17',NULL,4,286,NULL,27.5);
INSERT INTO "transactions" VALUES(573,'2014-12-20 09:10:17','2014-12-20 09:10:17',NULL,1,287,NULL,-4.0);
INSERT INTO "transactions" VALUES(574,'2014-12-20 09:10:17','2014-12-20 09:10:17',NULL,5,287,NULL,4.0);
INSERT INTO "transactions" VALUES(575,'2014-12-20 09:10:17','2014-12-20 09:10:17',NULL,1,288,NULL,-11.4);
INSERT INTO "transactions" VALUES(576,'2014-12-20 09:10:17','2014-12-20 09:10:17',NULL,4,288,NULL,11.4);
INSERT INTO "transactions" VALUES(577,'2014-12-20 09:10:17','2014-12-20 09:10:17',NULL,1,289,NULL,-3.0);
INSERT INTO "transactions" VALUES(578,'2014-12-20 09:10:17','2014-12-20 09:10:17',NULL,5,289,NULL,3.0);
INSERT INTO "transactions" VALUES(579,'2014-12-20 09:10:17','2014-12-20 09:10:17',NULL,1,290,NULL,-19.2);
INSERT INTO "transactions" VALUES(580,'2014-12-20 09:10:17','2014-12-20 09:10:17',NULL,4,290,NULL,19.2);
INSERT INTO "transactions" VALUES(581,'2014-12-20 09:10:17','2014-12-20 09:10:17',NULL,1,291,NULL,-4.3);
INSERT INTO "transactions" VALUES(582,'2014-12-20 09:10:17','2014-12-20 09:10:17',NULL,5,291,NULL,4.3);
INSERT INTO "transactions" VALUES(583,'2014-12-20 09:10:17','2014-12-20 09:10:17',NULL,1,292,NULL,-14.5);
INSERT INTO "transactions" VALUES(584,'2014-12-20 09:10:17','2014-12-20 09:10:17',NULL,4,292,NULL,14.5);
INSERT INTO "transactions" VALUES(585,'2014-12-20 09:10:17','2014-12-20 09:10:17',NULL,1,293,NULL,-3.6);
INSERT INTO "transactions" VALUES(586,'2014-12-20 09:10:17','2014-12-20 09:10:17',NULL,5,293,NULL,3.6);
INSERT INTO "transactions" VALUES(587,'2014-12-20 09:10:17','2014-12-20 09:10:17',NULL,1,294,NULL,-15.8);
INSERT INTO "transactions" VALUES(588,'2014-12-20 09:10:17','2014-12-20 09:10:17',NULL,4,294,NULL,15.8);
INSERT INTO "transactions" VALUES(589,'2014-12-20 09:10:17','2014-12-20 09:10:17',NULL,1,295,NULL,-4.4);
INSERT INTO "transactions" VALUES(590,'2014-12-20 09:10:17','2014-12-20 09:10:17',NULL,5,295,NULL,4.4);
INSERT INTO "transactions" VALUES(591,'2014-12-20 09:10:17','2014-12-20 09:10:17',NULL,1,296,NULL,-14.9);
INSERT INTO "transactions" VALUES(592,'2014-12-20 09:10:17','2014-12-20 09:10:17',NULL,4,296,NULL,14.9);
INSERT INTO "transactions" VALUES(593,'2014-12-20 09:10:17','2014-12-20 09:10:17',NULL,1,297,NULL,-4.2);
INSERT INTO "transactions" VALUES(594,'2014-12-20 09:10:17','2014-12-20 09:10:17',NULL,5,297,NULL,4.2);
INSERT INTO "transactions" VALUES(595,'2014-12-20 09:10:17','2014-12-20 09:10:17',NULL,1,298,NULL,-12.0);
INSERT INTO "transactions" VALUES(596,'2014-12-20 09:10:17','2014-12-20 09:10:17',NULL,4,298,NULL,12.0);
INSERT INTO "transactions" VALUES(597,'2014-12-20 09:10:17','2014-12-20 09:10:17',NULL,1,299,NULL,-5.9);
INSERT INTO "transactions" VALUES(598,'2014-12-20 09:10:17','2014-12-20 09:10:17',NULL,5,299,NULL,5.9);
INSERT INTO "transactions" VALUES(599,'2014-12-20 09:10:17','2014-12-20 09:10:17',NULL,1,300,NULL,-18.8);
INSERT INTO "transactions" VALUES(600,'2014-12-20 09:10:17','2014-12-20 09:10:17',NULL,4,300,NULL,18.8);
INSERT INTO "transactions" VALUES(601,'2014-12-20 09:10:17','2014-12-20 09:10:17',NULL,1,301,NULL,-3.1);
INSERT INTO "transactions" VALUES(602,'2014-12-20 09:10:17','2014-12-20 09:10:17',NULL,5,301,NULL,3.1);
INSERT INTO "transactions" VALUES(603,'2014-12-20 09:10:17','2014-12-20 09:10:17',NULL,1,302,NULL,-17.4);
INSERT INTO "transactions" VALUES(604,'2014-12-20 09:10:18','2014-12-20 09:10:18',NULL,4,302,NULL,17.4);
INSERT INTO "transactions" VALUES(605,'2014-12-20 09:10:18','2014-12-20 09:10:18',NULL,1,303,NULL,-5.8);
INSERT INTO "transactions" VALUES(606,'2014-12-20 09:10:18','2014-12-20 09:10:18',NULL,5,303,NULL,5.8);
INSERT INTO "transactions" VALUES(607,'2014-12-20 09:10:18','2014-12-20 09:10:18',NULL,1,304,NULL,-27.0);
INSERT INTO "transactions" VALUES(608,'2014-12-20 09:10:18','2014-12-20 09:10:18',NULL,4,304,NULL,27.0);
INSERT INTO "transactions" VALUES(609,'2014-12-20 09:10:18','2014-12-20 09:10:18',NULL,1,305,NULL,-5.9);
INSERT INTO "transactions" VALUES(610,'2014-12-20 09:10:18','2014-12-20 09:10:18',NULL,5,305,NULL,5.9);
INSERT INTO "transactions" VALUES(611,'2014-12-20 09:10:18','2014-12-20 09:10:18',NULL,1,306,NULL,-26.3);
INSERT INTO "transactions" VALUES(612,'2014-12-20 09:10:18','2014-12-20 09:10:18',NULL,4,306,NULL,26.3);
INSERT INTO "transactions" VALUES(613,'2014-12-20 09:10:18','2014-12-20 09:10:18',NULL,1,307,NULL,-5.1);
INSERT INTO "transactions" VALUES(614,'2014-12-20 09:10:18','2014-12-20 09:10:18',NULL,5,307,NULL,5.1);
INSERT INTO "transactions" VALUES(615,'2014-12-20 09:10:18','2014-12-20 09:10:18',NULL,1,308,NULL,-25.9);
INSERT INTO "transactions" VALUES(616,'2014-12-20 09:10:18','2014-12-20 09:10:18',NULL,4,308,NULL,25.9);
INSERT INTO "transactions" VALUES(617,'2014-12-20 09:10:18','2014-12-20 09:10:18',NULL,1,309,NULL,-3.4);
INSERT INTO "transactions" VALUES(618,'2014-12-20 09:10:18','2014-12-20 09:10:18',NULL,5,309,NULL,3.4);
INSERT INTO "transactions" VALUES(619,'2014-12-20 09:10:18','2014-12-20 09:10:18',NULL,1,310,NULL,-15.3);
INSERT INTO "transactions" VALUES(620,'2014-12-20 09:10:18','2014-12-20 09:10:18',NULL,4,310,NULL,15.3);
INSERT INTO "transactions" VALUES(621,'2014-12-20 09:10:18','2014-12-20 09:10:18',NULL,10,311,NULL,-1437.0);
INSERT INTO "transactions" VALUES(622,'2014-12-20 09:10:18','2014-12-20 09:10:18',NULL,1,311,NULL,1437.0);
INSERT INTO "transactions" VALUES(623,'2014-12-20 09:10:18','2014-12-20 09:10:18',NULL,1,312,NULL,-51.0);
INSERT INTO "transactions" VALUES(624,'2014-12-20 09:10:18','2014-12-20 09:10:18',NULL,11,312,NULL,51.0);
INSERT INTO "transactions" VALUES(625,'2014-12-20 09:10:18','2014-12-20 09:10:18',NULL,1,313,NULL,-500.0);
INSERT INTO "transactions" VALUES(626,'2014-12-20 09:10:18','2014-12-20 09:10:18',NULL,8,313,NULL,500.0);
INSERT INTO "transactions" VALUES(627,'2014-12-20 09:10:18','2014-12-20 09:10:18',NULL,1,314,NULL,-12.0);
INSERT INTO "transactions" VALUES(628,'2014-12-20 09:10:18','2014-12-20 09:10:18',NULL,6,314,NULL,12.0);
INSERT INTO "transactions" VALUES(629,'2014-12-20 09:10:18','2014-12-20 09:10:18',NULL,1,315,NULL,-110.0);
INSERT INTO "transactions" VALUES(630,'2014-12-20 09:10:18','2014-12-20 09:10:18',NULL,7,315,NULL,110.0);
INSERT INTO "transactions" VALUES(631,'2014-12-20 09:10:18','2014-12-20 09:10:18',NULL,1,316,NULL,-5.2);
INSERT INTO "transactions" VALUES(632,'2014-12-20 09:10:18','2014-12-20 09:10:18',NULL,5,316,NULL,5.2);
INSERT INTO "transactions" VALUES(633,'2014-12-20 09:10:18','2014-12-20 09:10:18',NULL,1,317,NULL,-25.7);
INSERT INTO "transactions" VALUES(634,'2014-12-20 09:10:18','2014-12-20 09:10:18',NULL,4,317,NULL,25.7);
INSERT INTO "transactions" VALUES(635,'2014-12-20 09:10:18','2014-12-20 09:10:18',NULL,1,318,NULL,-5.0);
INSERT INTO "transactions" VALUES(636,'2014-12-20 09:10:18','2014-12-20 09:10:18',NULL,5,318,NULL,5.0);
INSERT INTO "transactions" VALUES(637,'2014-12-20 09:10:18','2014-12-20 09:10:18',NULL,1,319,NULL,-19.5);
INSERT INTO "transactions" VALUES(638,'2014-12-20 09:10:18','2014-12-20 09:10:18',NULL,4,319,NULL,19.5);
INSERT INTO "transactions" VALUES(639,'2014-12-20 09:10:18','2014-12-20 09:10:18',NULL,1,320,NULL,-4.6);
INSERT INTO "transactions" VALUES(640,'2014-12-20 09:10:18','2014-12-20 09:10:18',NULL,5,320,NULL,4.6);
INSERT INTO "transactions" VALUES(641,'2014-12-20 09:10:18','2014-12-20 09:10:18',NULL,1,321,NULL,-26.5);
INSERT INTO "transactions" VALUES(642,'2014-12-20 09:10:18','2014-12-20 09:10:18',NULL,4,321,NULL,26.5);
INSERT INTO "transactions" VALUES(643,'2014-12-20 09:10:18','2014-12-20 09:10:18',NULL,1,322,NULL,-3.8);
INSERT INTO "transactions" VALUES(644,'2014-12-20 09:10:18','2014-12-20 09:10:18',NULL,5,322,NULL,3.8);
INSERT INTO "transactions" VALUES(645,'2014-12-20 09:10:18','2014-12-20 09:10:18',NULL,1,323,NULL,-29.7);
INSERT INTO "transactions" VALUES(646,'2014-12-20 09:10:18','2014-12-20 09:10:18',NULL,4,323,NULL,29.7);
INSERT INTO "transactions" VALUES(647,'2014-12-20 09:10:18','2014-12-20 09:10:18',NULL,1,324,NULL,-3.6);
INSERT INTO "transactions" VALUES(648,'2014-12-20 09:10:18','2014-12-20 09:10:18',NULL,5,324,NULL,3.6);
INSERT INTO "transactions" VALUES(649,'2014-12-20 09:10:18','2014-12-20 09:10:18',NULL,1,325,NULL,-21.2);
INSERT INTO "transactions" VALUES(650,'2014-12-20 09:10:18','2014-12-20 09:10:18',NULL,4,325,NULL,21.2);
INSERT INTO "transactions" VALUES(651,'2014-12-20 09:10:18','2014-12-20 09:10:18',NULL,1,326,NULL,-5.6);
INSERT INTO "transactions" VALUES(652,'2014-12-20 09:10:18','2014-12-20 09:10:18',NULL,5,326,NULL,5.6);
INSERT INTO "transactions" VALUES(653,'2014-12-20 09:10:18','2014-12-20 09:10:18',NULL,1,327,NULL,-24.7);
INSERT INTO "transactions" VALUES(654,'2014-12-20 09:10:18','2014-12-20 09:10:18',NULL,4,327,NULL,24.7);
INSERT INTO "transactions" VALUES(655,'2014-12-20 09:10:18','2014-12-20 09:10:18',NULL,1,328,NULL,-6.0);
INSERT INTO "transactions" VALUES(656,'2014-12-20 09:10:18','2014-12-20 09:10:18',NULL,5,328,NULL,6.0);
INSERT INTO "transactions" VALUES(657,'2014-12-20 09:10:18','2014-12-20 09:10:18',NULL,1,329,NULL,-18.4);
INSERT INTO "transactions" VALUES(658,'2014-12-20 09:10:18','2014-12-20 09:10:18',NULL,4,329,NULL,18.4);
INSERT INTO "transactions" VALUES(659,'2014-12-20 09:10:18','2014-12-20 09:10:18',NULL,1,330,NULL,-4.6);
INSERT INTO "transactions" VALUES(660,'2014-12-20 09:10:18','2014-12-20 09:10:18',NULL,5,330,NULL,4.6);
INSERT INTO "transactions" VALUES(661,'2014-12-20 09:10:18','2014-12-20 09:10:18',NULL,1,331,NULL,-16.1);
INSERT INTO "transactions" VALUES(662,'2014-12-20 09:10:18','2014-12-20 09:10:18',NULL,4,331,NULL,16.1);
INSERT INTO "transactions" VALUES(663,'2014-12-20 09:10:18','2014-12-20 09:10:18',NULL,1,332,NULL,-5.3);
INSERT INTO "transactions" VALUES(664,'2014-12-20 09:10:18','2014-12-20 09:10:18',NULL,5,332,NULL,5.3);
INSERT INTO "transactions" VALUES(665,'2014-12-20 09:10:18','2014-12-20 09:10:18',NULL,1,333,NULL,-17.6);
INSERT INTO "transactions" VALUES(666,'2014-12-20 09:10:18','2014-12-20 09:10:18',NULL,4,333,NULL,17.6);
INSERT INTO "transactions" VALUES(667,'2014-12-20 09:10:18','2014-12-20 09:10:18',NULL,1,334,NULL,-5.3);
INSERT INTO "transactions" VALUES(668,'2014-12-20 09:10:18','2014-12-20 09:10:18',NULL,5,334,NULL,5.3);
INSERT INTO "transactions" VALUES(669,'2014-12-20 09:10:18','2014-12-20 09:10:18',NULL,1,335,NULL,-19.3);
INSERT INTO "transactions" VALUES(670,'2014-12-20 09:10:18','2014-12-20 09:10:18',NULL,4,335,NULL,19.3);
INSERT INTO "transactions" VALUES(671,'2014-12-20 09:10:18','2014-12-20 09:10:18',NULL,1,336,NULL,-3.9);
INSERT INTO "transactions" VALUES(672,'2014-12-20 09:10:18','2014-12-20 09:10:18',NULL,5,336,NULL,3.9);
INSERT INTO "transactions" VALUES(673,'2014-12-20 09:10:18','2014-12-20 09:10:18',NULL,1,337,NULL,-26.1);
INSERT INTO "transactions" VALUES(674,'2014-12-20 09:10:18','2014-12-20 09:10:18',NULL,4,337,NULL,26.1);
INSERT INTO "transactions" VALUES(675,'2014-12-20 09:10:18','2014-12-20 09:10:18',NULL,1,338,NULL,-4.9);
INSERT INTO "transactions" VALUES(676,'2014-12-20 09:10:18','2014-12-20 09:10:18',NULL,5,338,NULL,4.9);
INSERT INTO "transactions" VALUES(677,'2014-12-20 09:10:18','2014-12-20 09:10:18',NULL,1,339,NULL,-23.4);
INSERT INTO "transactions" VALUES(678,'2014-12-20 09:10:18','2014-12-20 09:10:18',NULL,4,339,NULL,23.4);
INSERT INTO "transactions" VALUES(679,'2014-12-20 09:10:19','2014-12-20 09:10:19',NULL,1,340,NULL,-4.4);
INSERT INTO "transactions" VALUES(680,'2014-12-20 09:10:19','2014-12-20 09:10:19',NULL,5,340,NULL,4.4);
INSERT INTO "transactions" VALUES(681,'2014-12-20 09:10:19','2014-12-20 09:10:19',NULL,1,341,NULL,-15.0);
INSERT INTO "transactions" VALUES(682,'2014-12-20 09:10:19','2014-12-20 09:10:19',NULL,4,341,NULL,15.0);
INSERT INTO "transactions" VALUES(683,'2014-12-20 09:10:19','2014-12-20 09:10:19',NULL,10,342,NULL,-1462.0);
INSERT INTO "transactions" VALUES(684,'2014-12-20 09:10:19','2014-12-20 09:10:19',NULL,1,342,NULL,1462.0);
INSERT INTO "transactions" VALUES(685,'2014-12-20 09:10:19','2014-12-20 09:10:19',NULL,1,343,NULL,-60.0);
INSERT INTO "transactions" VALUES(686,'2014-12-20 09:10:19','2014-12-20 09:10:19',NULL,11,343,NULL,60.0);
INSERT INTO "transactions" VALUES(687,'2014-12-20 09:10:19','2014-12-20 09:10:19',NULL,2,344,NULL,-1259.0);
INSERT INTO "transactions" VALUES(688,'2014-12-20 09:10:19','2014-12-20 09:10:19',NULL,1,344,NULL,1259.0);
INSERT INTO "transactions" VALUES(689,'2014-12-20 09:10:19','2014-12-20 09:10:19',NULL,1,345,NULL,-1259.0);
INSERT INTO "transactions" VALUES(690,'2014-12-20 09:10:19','2014-12-20 09:10:19',NULL,9,345,NULL,1259.0);
CREATE TABLE budget_limits (id INTEGER NOT NULL, created_at DATETIME NOT NULL, updated_at DATETIME NOT NULL, startdate DATE NOT NULL, amount DOUBLE PRECISION NOT NULL, repeats BOOLEAN NOT NULL, repeat_freq VARCHAR(255) NOT NULL COLLATE BINARY, budget_id INTEGER DEFAULT NULL, PRIMARY KEY(id));
DELETE FROM sqlite_sequence;
INSERT INTO "sqlite_sequence" VALUES('account_types',8);
INSERT INTO "sqlite_sequence" VALUES('transaction_currencies',1);
INSERT INTO "sqlite_sequence" VALUES('transaction_types',4);
INSERT INTO "sqlite_sequence" VALUES('users',3);
INSERT INTO "sqlite_sequence" VALUES('accounts',14);
INSERT INTO "sqlite_sequence" VALUES('budgets',3);
INSERT INTO "sqlite_sequence" VALUES('categories',3);
INSERT INTO "sqlite_sequence" VALUES('components',7);
INSERT INTO "sqlite_sequence" VALUES('transaction_journals',345);
INSERT INTO "sqlite_sequence" VALUES('budget_transaction_journal',319);
INSERT INTO "sqlite_sequence" VALUES('category_transaction_journal',319);
CREATE UNIQUE INDEX users_email_unique on "users" ("email");
CREATE UNIQUE INDEX account_types_type_unique on "account_types" ("type");
CREATE UNIQUE INDEX accounts_user_id_account_type_id_name_unique on "accounts" ("user_id", "account_type_id", "name");
CREATE UNIQUE INDEX components_user_id_class_name_unique on "components" ("user_id", "class", "name");
CREATE UNIQUE INDEX piggybanks_account_id_name_unique on "piggybanks" ("account_id", "name");
CREATE UNIQUE INDEX transaction_currencies_code_unique on "transaction_currencies" ("code");
CREATE UNIQUE INDEX transaction_types_type_unique on "transaction_types" ("type");
CREATE UNIQUE INDEX recurring_transactions_user_id_name_unique on "recurring_transactions" ("user_id", "name");
CREATE UNIQUE INDEX preferences_user_id_name_unique on "preferences" ("user_id", "name");
CREATE UNIQUE INDEX sessions_id_unique on "sessions" ("id");
CREATE UNIQUE INDEX piggybank_repetitions_piggybank_id_startdate_targetdate_unique on "piggybank_repetitions" ("piggybank_id", "startdate", "targetdate");
CREATE UNIQUE INDEX account_meta_account_id_name_unique on "account_meta" ("account_id", "name");
CREATE UNIQUE INDEX tt_joined on "transaction_group_transaction_journal" ("transaction_group_id", "transaction_journal_id");
CREATE UNIQUE INDEX budgets_user_id_name_unique on "budgets" ("user_id", "name");
CREATE UNIQUE INDEX categories_user_id_name_unique on "categories" ("user_id", "name");
CREATE UNIQUE INDEX budid_tjid_unique on "budget_transaction_journal" ("budget_id", "transaction_journal_id");
CREATE UNIQUE INDEX catid_tjid_unique on "category_transaction_journal" ("category_id", "transaction_journal_id");
CREATE UNIQUE INDEX limit_repetitions_limit_id_startdate_enddate_unique ON limit_repetitions (budget_limit_id, startdate, enddate);
COMMIT;
